Summary,Issue key,Issue id,Issue Type,Status,Project key,Project name,Project type,Project lead,Project lead id,Project description,Priority,Resolution,Assignee,Assignee Id,Reporter,Reporter Id,Creator,Creator Id,Created,Updated,Last Viewed,Resolved,Due date,Votes,Description,Environment,Watchers,Watchers,Watchers Id,Watchers Id,Original estimate,Remaining Estimate,Time Spent,Work Ratio,Σ Original Estimate,Σ Remaining Estimate,Σ Time Spent,Security Level,Inward issue link (Duplicate),Outward issue link (Duplicate),Custom field (Development),Custom field (Issue color),Custom field (Rank),Custom field (Start date),Custom field (Team),Custom field (Vulnerability),Comment,Parent,Parent key,Parent summary,Status category,Status category changed
[Landing] Home,KAN-1,10000,Epic,Por hacer,KAN,Paginas Web,software,JOSE ANDRES LORENZO SEGURA,62587f849e7380006fb40075,,Medium,,Joshua Picado,712020:7bde26d9-d0b8-405c-bca2-1b6e633bfffd,Randy,712020:2944bd8c-63da-40f9-bd8d-48d88e5ca723,Randy,712020:2944bd8c-63da-40f9-bd8d-48d88e5ca723,23/Aug/26 7:24 PM,28/Sep/26 10:34 PM,,,,0,,,Randy,,712020:2944bd8c-63da-40f9-bd8d-48d88e5ca723,,,,,,,,,,,,{},,0|hzzzzz:,,,,,,,,To Do,23/Aug/26 7:24 PM
Como visitante quiero ver los planes de suscripción disponibles desde la página principal para conocer los precios y beneficios.,KAN-7,10006,Tarea,Por hacer,KAN,Paginas Web,software,JOSE ANDRES LORENZO SEGURA,62587f849e7380006fb40075,,Medium,,,,Joshua Picado,712020:7bde26d9-d0b8-405c-bca2-1b6e633bfffd,Joshua Picado,712020:7bde26d9-d0b8-405c-bca2-1b6e633bfffd,23/Aug/26 9:17 PM,28/Sep/26 8:43 PM,,,,0,"*Historia*
Como visitante quiero ver los planes de suscripción disponibles desde la página principal para conocer los precios y beneficios.

*Contexto*
Landing → página principal. Se presentan los planes disponibles con la información necesaria para que el visitante pueda conocer sus precios y beneficios.

*Criterios de aceptación*

* Dado que existen planes disponibles, cuando el visitante accede a la sección de planes, entonces puede visualizar los planes ofrecidos.
* Dado que se muestra un plan, cuando el visitante consulta su información, entonces puede visualizar su precio y sus beneficios.
* Dado que existen varios planes, cuando el visitante consulta la sección, entonces puede distinguir la información correspondiente a cada uno.
* Dado que un plan no está disponible, cuando se carga la sección, entonces no se presenta como una opción disponible para contratar.

*Fuera de alcance*

* Contratación y pago de la suscripción.
* Creación, modificación o eliminación de planes.

*Preguntas abiertas*

* Ninguna.",,Joshua Picado,,712020:7bde26d9-d0b8-405c-bca2-1b6e633bfffd,,,,,,,,,,,,{},,0|hzzzzz:i,,,,,10000,KAN-1,[Landing] Home,To Do,23/Aug/26 9:17 PM
Como visitante quiero visualizar el correo electrónico de contacto para enviar consultas formales a la empresa.,KAN-13,10012,Tarea,Por hacer,KAN,Paginas Web,software,JOSE ANDRES LORENZO SEGURA,62587f849e7380006fb40075,,Medium,,Randy,712020:2944bd8c-63da-40f9-bd8d-48d88e5ca723,Joshua Picado,712020:7bde26d9-d0b8-405c-bca2-1b6e633bfffd,Joshua Picado,712020:7bde26d9-d0b8-405c-bca2-1b6e633bfffd,23/Aug/26 9:19 PM,28/Sep/26 5:33 PM,,,,0,,,Joshua Picado,,712020:7bde26d9-d0b8-405c-bca2-1b6e633bfffd,,,,,,,,,,,,{},,0|hzzzzz:i9,,,,,10216,KAN-196,[Landing] Footer,To Do,23/Aug/26 9:19 PM
Como visitante quiero ver el logo de la empresa en la navegación principal para identificar visualmente la marca.,KAN-12,10011,Tarea,Por hacer,KAN,Paginas Web,software,JOSE ANDRES LORENZO SEGURA,62587f849e7380006fb40075,,Medium,,,,Joshua Picado,712020:7bde26d9-d0b8-405c-bca2-1b6e633bfffd,Joshua Picado,712020:7bde26d9-d0b8-405c-bca2-1b6e633bfffd,23/Aug/26 9:18 PM,28/Sep/26 8:43 PM,,,,0,"*Historia*
Como visitante quiero ver el logo de la empresa en la navegación principal para identificar visualmente la marca.

*Contexto*
Landing → navegación principal. El logo forma parte de la identidad visual presentada al visitante en la barra superior.

*Criterios de aceptación*

* Dado que el visitante accede a la landing, cuando se carga la navegación principal, entonces puede visualizar el logo de la empresa.
* Dado que el visitante navega por la landing, cuando visualiza la navegación principal, entonces el logo mantiene una presentación consistente.
* Dado que se muestra el logo, cuando se visualiza en el espacio destinado dentro de la navegación, entonces no impide utilizar las demás opciones de navegación.
* Dado que el recurso gráfico del logo no puede cargarse, cuando se muestra la navegación principal, entonces los demás elementos permanecen utilizables.

*Fuera de alcance*

* Logo mostrado en el footer.
* Modificación o administración del logo.

*Preguntas abiertas*

* Ninguna.",,Alejandro Abarca,Joshua Picado,712020:1d442998-fd56-4a24-8e88-ec5dc34e57f7,712020:7bde26d9-d0b8-405c-bca2-1b6e633bfffd,,,,,,,,,,,{},,0|hzzzzz:ii,,,,"28/Sep/26 7:29 PM;712020:1d442998-fd56-4a24-8e88-ec5dc34e57f7;Se mueve a Footer o se deja en Home? De momento queda en Revisión

Actualización: Se mantiene KAN-12 en [Landing] Home y se especifica que la historia corresponde al logo mostrado en la navegación principal, eliminando la ambigüedad sobre su ubicación.",10000,KAN-1,[Landing] Home,To Do,28/Sep/26 7:52 PM
Como usuario quiero visualizar el número de teléfono para contactar directamente a la empresa en caso de necesitarlo.,KAN-11,10010,Tarea,Por hacer,KAN,Paginas Web,software,JOSE ANDRES LORENZO SEGURA,62587f849e7380006fb40075,,Medium,,Randy,712020:2944bd8c-63da-40f9-bd8d-48d88e5ca723,Joshua Picado,712020:7bde26d9-d0b8-405c-bca2-1b6e633bfffd,Joshua Picado,712020:7bde26d9-d0b8-405c-bca2-1b6e633bfffd,23/Aug/26 9:18 PM,28/Sep/26 5:34 PM,,,,0,,,Joshua Picado,,712020:7bde26d9-d0b8-405c-bca2-1b6e633bfffd,,,,,,,,,,,,{},,0|hzzzzz:j,,,,,10216,KAN-196,[Landing] Footer,To Do,23/Aug/26 9:18 PM
Como usuario quiero ver los enlaces a las redes sociales de la empresa para interactuar y seguir sus actualizaciones.,KAN-10,10009,Tarea,Por hacer,KAN,Paginas Web,software,JOSE ANDRES LORENZO SEGURA,62587f849e7380006fb40075,,Medium,,Randy,712020:2944bd8c-63da-40f9-bd8d-48d88e5ca723,Joshua Picado,712020:7bde26d9-d0b8-405c-bca2-1b6e633bfffd,Joshua Picado,712020:7bde26d9-d0b8-405c-bca2-1b6e633bfffd,23/Aug/26 9:18 PM,28/Sep/26 5:34 PM,,,,0,,,Joshua Picado,,712020:7bde26d9-d0b8-405c-bca2-1b6e633bfffd,,,,,,,,,,,,{},,0|hzzzzz:k,,,,,10216,KAN-196,[Landing] Footer,To Do,23/Aug/26 9:18 PM
Como visitante quiero acceder a los términos y condiciones para comprender las políticas legales de la plataforma.,KAN-9,10008,Tarea,Por hacer,KAN,Paginas Web,software,JOSE ANDRES LORENZO SEGURA,62587f849e7380006fb40075,,Medium,,,,Joshua Picado,712020:7bde26d9-d0b8-405c-bca2-1b6e633bfffd,Joshua Picado,712020:7bde26d9-d0b8-405c-bca2-1b6e633bfffd,23/Aug/26 9:18 PM,28/Sep/26 8:43 PM,,,,0,"*Historia*
Como visitante quiero acceder a los términos y condiciones para comprender las políticas legales de la plataforma.

*Contexto*
Landing pública. El visitante debe disponer de un acceso a los términos y condiciones aplicables al uso de la plataforma.

*Criterios de aceptación*

* Dado que el visitante navega por la landing, cuando localiza el acceso a los términos y condiciones, entonces puede seleccionarlo.
* Dado que el visitante selecciona los términos y condiciones, cuando se procesa la acción, entonces puede visualizar su contenido.
* Dado que se muestra el contenido, cuando el visitante lo consulta, entonces el texto es legible y accesible.
* Dado que el contenido de términos y condiciones no puede cargarse, cuando el visitante intenta acceder, entonces recibe una indicación de que el contenido no está disponible sin afectar el resto de la landing.

*Fuera de alcance*

* Edición o administración de los términos y condiciones.
* Definición jurídica del contenido.

*Preguntas abiertas*

* Ninguna.",,Joshua Picado,,712020:7bde26d9-d0b8-405c-bca2-1b6e633bfffd,,,,,,,,,,,,{},,0|hzzzzz:m,,,,,10000,KAN-1,[Landing] Home,To Do,23/Aug/26 9:18 PM
Como visitante quiero visualizar un pie de página (Footer) con información general para acceder fácilmente a enlaces importantes.,KAN-8,10007,Tarea,Por hacer,KAN,Paginas Web,software,JOSE ANDRES LORENZO SEGURA,62587f849e7380006fb40075,,Medium,,Randy,712020:2944bd8c-63da-40f9-bd8d-48d88e5ca723,Joshua Picado,712020:7bde26d9-d0b8-405c-bca2-1b6e633bfffd,Joshua Picado,712020:7bde26d9-d0b8-405c-bca2-1b6e633bfffd,23/Aug/26 9:18 PM,28/Sep/26 5:34 PM,,,,0,,,Joshua Picado,,712020:7bde26d9-d0b8-405c-bca2-1b6e633bfffd,,,,,,,,,,,,{},,0|hzzzzz:r,,,,,10216,KAN-196,[Landing] Footer,To Do,23/Aug/26 9:18 PM
Como visitante quiero leer testimonios de otros clientes para conocer sus experiencias y evaluar la confiabilidad de la plataforma.,KAN-6,10005,Tarea,Por hacer,KAN,Paginas Web,software,JOSE ANDRES LORENZO SEGURA,62587f849e7380006fb40075,,Medium,,,,Joshua Picado,712020:7bde26d9-d0b8-405c-bca2-1b6e633bfffd,Joshua Picado,712020:7bde26d9-d0b8-405c-bca2-1b6e633bfffd,23/Aug/26 9:17 PM,28/Sep/26 8:42 PM,,,,0,"*Historia*
Como visitante quiero leer testimonios de otros clientes para conocer sus experiencias y evaluar la confiabilidad de la plataforma.

*Contexto*
Landing → página principal. Se muestran testimonios de clientes como referencia sobre su experiencia utilizando la plataforma.

*Criterios de aceptación*

* Dado que existen testimonios disponibles, cuando el visitante llega a la sección correspondiente, entonces puede visualizarlos.
* Dado que se muestra un testimonio, cuando el visitante lo consulta, entonces el contenido es legible y permite identificar la experiencia compartida.
* Dado que existen varios testimonios, cuando el visitante consulta la sección, entonces puede visualizar los testimonios definidos para la landing.
* Dado que no existen testimonios disponibles, cuando se carga la sección, entonces la landing continúa funcionando sin mostrar información falsa o incompleta.

*Fuera de alcance*

* Creación de testimonios por parte de clientes.
* Moderación o aprobación de testimonios.

*Preguntas abiertas*

* Ninguna.",,Joshua Picado,,712020:7bde26d9-d0b8-405c-bca2-1b6e633bfffd,,,,,,,,,,,,{},,0|i00000:,,,,,10000,KAN-1,[Landing] Home,To Do,23/Aug/26 9:17 PM
[Landing] Sobre nosotros y ayuda,KAN-14,10013,Epic,Por hacer,KAN,Paginas Web,software,JOSE ANDRES LORENZO SEGURA,62587f849e7380006fb40075,,Medium,,Joshua Picado,712020:7bde26d9-d0b8-405c-bca2-1b6e633bfffd,Joshua Picado,712020:7bde26d9-d0b8-405c-bca2-1b6e633bfffd,Joshua Picado,712020:7bde26d9-d0b8-405c-bca2-1b6e633bfffd,23/Aug/26 9:20 PM,29/Sep/26 7:14 PM,,,,0,,,Joshua Picado,,712020:7bde26d9-d0b8-405c-bca2-1b6e633bfffd,,,,,,,,,,,,{},,0|i00000:i,,,,,,,,To Do,23/Aug/26 9:20 PM
[Negocio] Registro del usuario una vez confirmado correo,KAN-26,10025,Epic,Por hacer,KAN,Paginas Web,software,JOSE ANDRES LORENZO SEGURA,62587f849e7380006fb40075,,Medium,,MARCO ANTONIO QUIROS CABEZAS,712020:534446d8-6025-4d73-b502-5a4945c157c4,Joshua Picado,712020:7bde26d9-d0b8-405c-bca2-1b6e633bfffd,Joshua Picado,712020:7bde26d9-d0b8-405c-bca2-1b6e633bfffd,23/Aug/26 9:29 PM,29/Sep/26 7:33 PM,,,,0,,,Joshua Picado,,712020:7bde26d9-d0b8-405c-bca2-1b6e633bfffd,,,,,,,,,,,,{},,0|i00000:r,,,,,,,,To Do,23/Aug/26 9:29 PM
Como visitante quiero enviar mis consultas mediante un formulario de contacto validado con recaptcha para comunicarme de forma segura.,KAN-5,10004,Tarea,Por hacer,KAN,Paginas Web,software,JOSE ANDRES LORENZO SEGURA,62587f849e7380006fb40075,,Medium,,,,Joshua Picado,712020:7bde26d9-d0b8-405c-bca2-1b6e633bfffd,Joshua Picado,712020:7bde26d9-d0b8-405c-bca2-1b6e633bfffd,23/Aug/26 9:17 PM,26/Sep/26 5:15 PM,,,,0,,,Joshua Picado,,712020:7bde26d9-d0b8-405c-bca2-1b6e633bfffd,,,,,,,,,,,,{},,0|i00001:,,,,,10013,KAN-14,[Landing] Sobre nosotros y ayuda,To Do,23/Aug/26 9:17 PM
"Como visitante quiero leer una breve introducción de la plataforma con la opción de ""Leer más"" para conocer rápidamente la propuesta del servicio.",KAN-4,10003,Tarea,Por hacer,KAN,Paginas Web,software,JOSE ANDRES LORENZO SEGURA,62587f849e7380006fb40075,,Medium,,,,Joshua Picado,712020:7bde26d9-d0b8-405c-bca2-1b6e633bfffd,Joshua Picado,712020:7bde26d9-d0b8-405c-bca2-1b6e633bfffd,23/Aug/26 9:16 PM,28/Sep/26 8:42 PM,,,,0,"*Historia*
Como visitante quiero leer una breve introducción de la plataforma con la opción de ""Leer más"" para conocer rápidamente la propuesta del servicio.

*Contexto*
Landing → página principal. Se presenta información resumida sobre la plataforma y una opción para ampliar el contenido.

*Criterios de aceptación*

* Dado que el visitante accede a la página principal, cuando visualiza la sección introductoria, entonces puede leer un resumen de la propuesta de la plataforma.
* Dado que el resumen está visible, cuando el visitante consulta la sección, entonces encuentra la opción ""Leer más"".
* Dado que el visitante selecciona ""Leer más"", cuando se ejecuta la acción, entonces puede acceder al contenido ampliado correspondiente.
* Dado que el contenido ampliado no está disponible, cuando el visitante intenta acceder mediante ""Leer más"", entonces la página principal permanece utilizable y no muestra contenido incorrecto.

*Fuera de alcance*

* Administración o edición del contenido introductorio.
* Creación del contenido informativo.

*Preguntas abiertas*

* Ninguna.",,Joshua Picado,,712020:7bde26d9-d0b8-405c-bca2-1b6e633bfffd,,,,,,,,,,,,{},,0|i00003:,,,,,10000,KAN-1,[Landing] Home,To Do,23/Aug/26 9:16 PM
Como visitante quiero visualizar una barra de navegación con la opción de inicio de sesión (Sign In) para acceder rápidamente al sistema.,KAN-3,10002,Tarea,Por hacer,KAN,Paginas Web,software,JOSE ANDRES LORENZO SEGURA,62587f849e7380006fb40075,,Medium,,,,Randy,712020:2944bd8c-63da-40f9-bd8d-48d88e5ca723,Randy,712020:2944bd8c-63da-40f9-bd8d-48d88e5ca723,23/Aug/26 7:27 PM,28/Sep/26 8:41 PM,,,,0,"*Historia*
Como visitante quiero visualizar una barra de navegación con la opción de inicio de sesión (Sign In) para acceder rápidamente al sistema.

*Contexto*
Landing → navegación principal. La barra permite al visitante desplazarse por las secciones principales y acceder a la opción de inicio de sesión.

*Criterios de aceptación*

* Dado que el visitante accede a la landing, cuando se carga la página, entonces puede visualizar la barra de navegación.
* Dado que la barra de navegación está visible, cuando el visitante consulta sus opciones, entonces encuentra una opción de inicio de sesión.
* Dado que el visitante selecciona la opción de inicio de sesión, cuando se procesa la acción, entonces es dirigido al flujo de autenticación correspondiente.
* Dado que una sección de la landing no está disponible, cuando el visitante utiliza las demás opciones de navegación, entonces estas continúan siendo utilizables.

*Fuera de alcance*

* Autenticación y validación de credenciales.
* Gestión de sesiones del usuario.

*Preguntas abiertas*

* Ninguna.",,Randy,,712020:2944bd8c-63da-40f9-bd8d-48d88e5ca723,,,,,,,,,,,,{},,0|i0000f:,,,,,10000,KAN-1,[Landing] Home,To Do,23/Aug/26 7:27 PM
Como visitante quiero ver una sección principal destacada (Hero Section) con un llamado a la acción (CTA) para iniciar el proceso de contratación.,KAN-2,10001,Tarea,Por hacer,KAN,Paginas Web,software,JOSE ANDRES LORENZO SEGURA,62587f849e7380006fb40075,,Medium,,,,Randy,712020:2944bd8c-63da-40f9-bd8d-48d88e5ca723,Randy,712020:2944bd8c-63da-40f9-bd8d-48d88e5ca723,23/Aug/26 7:25 PM,28/Sep/26 8:44 PM,,,,0,"*Historia*
Como visitante quiero ver una sección principal destacada (Hero Section) con un llamado a la acción (CTA) para iniciar el proceso de contratación.

*Contexto*
Landing → sección principal. El Hero Section presenta la propuesta principal de la plataforma y proporciona al visitante un llamado a la acción para comenzar el proceso de contratación.

*Criterios de aceptación*

* Dado que el visitante accede a la landing, cuando se carga la página principal, entonces puede visualizar el Hero Section.
* Dado que el Hero Section está visible, cuando el visitante consulta su contenido, entonces puede identificar el llamado a la acción para iniciar la contratación.
* Dado que el visitante selecciona el CTA, cuando se procesa la acción, entonces es dirigido al inicio del proceso de contratación.
* Dado que el proceso de contratación no se encuentra disponible, cuando el visitante intenta acceder mediante el CTA, entonces recibe una indicación de que no puede continuar sin afectar el resto de la landing.

*Fuera de alcance*

* Selección y contratación específica de un plan.
* Procesamiento o simulación del pago.
* Creación de la cuenta del suscriptor.

*Preguntas abiertas*

* Ninguna.",,Randy,,712020:2944bd8c-63da-40f9-bd8d-48d88e5ca723,,,,,,,,,,,,{},,0|i0000n:,,,,,10000,KAN-1,[Landing] Home,To Do,23/Aug/26 7:25 PM
Como visitante quiero acceder a una sección de ayuda para recibir orientación y soporte técnico sobre el sistema.,KAN-19,10018,Tarea,Por hacer,KAN,Paginas Web,software,JOSE ANDRES LORENZO SEGURA,62587f849e7380006fb40075,,Medium,,,,Joshua Picado,712020:7bde26d9-d0b8-405c-bca2-1b6e633bfffd,Joshua Picado,712020:7bde26d9-d0b8-405c-bca2-1b6e633bfffd,23/Aug/26 9:22 PM,26/Sep/26 5:17 PM,,,,0,,,Joshua Picado,,712020:7bde26d9-d0b8-405c-bca2-1b6e633bfffd,,,,,,,,,,,,{},,0|i0000n:i,,,,,10013,KAN-14,[Landing] Sobre nosotros y ayuda,To Do,23/Aug/26 9:22 PM
Como visitante quiero consultar una sección de preguntas frecuentes para encontrar respuestas rápidas a dudas comunes.,KAN-18,10017,Tarea,Por hacer,KAN,Paginas Web,software,JOSE ANDRES LORENZO SEGURA,62587f849e7380006fb40075,,Medium,,,,Joshua Picado,712020:7bde26d9-d0b8-405c-bca2-1b6e633bfffd,Joshua Picado,712020:7bde26d9-d0b8-405c-bca2-1b6e633bfffd,23/Aug/26 9:22 PM,26/Sep/26 5:17 PM,,,,0,,,Joshua Picado,,712020:7bde26d9-d0b8-405c-bca2-1b6e633bfffd,,,,,,,,,,,,{},,0|i0000o:,,,,,10013,KAN-14,[Landing] Sobre nosotros y ayuda,To Do,23/Aug/26 9:22 PM
Como visitante quiero disponer de medios de contacto directo para comunicarme fácilmente con el equipo de la plataforma.,KAN-17,10016,Tarea,Por hacer,KAN,Paginas Web,software,JOSE ANDRES LORENZO SEGURA,62587f849e7380006fb40075,,Medium,,,,Joshua Picado,712020:7bde26d9-d0b8-405c-bca2-1b6e633bfffd,Joshua Picado,712020:7bde26d9-d0b8-405c-bca2-1b6e633bfffd,23/Aug/26 9:22 PM,26/Sep/26 5:17 PM,,,,0,,,Joshua Picado,,712020:7bde26d9-d0b8-405c-bca2-1b6e633bfffd,,,,,,,,,,,,{},,0|i0000p:,,,,,10013,KAN-14,[Landing] Sobre nosotros y ayuda,To Do,23/Aug/26 9:22 PM
[Landing] Gestión de la contratación de los planes,KAN-20,10019,Epic,Por hacer,KAN,Paginas Web,software,JOSE ANDRES LORENZO SEGURA,62587f849e7380006fb40075,,Medium,,MARCO ANTONIO QUIROS CABEZAS,712020:534446d8-6025-4d73-b502-5a4945c157c4,Joshua Picado,712020:7bde26d9-d0b8-405c-bca2-1b6e633bfffd,Joshua Picado,712020:7bde26d9-d0b8-405c-bca2-1b6e633bfffd,23/Aug/26 9:24 PM,29/Sep/26 7:33 PM,,,,0,,,Joshua Picado,,712020:7bde26d9-d0b8-405c-bca2-1b6e633bfffd,,,,,,,,,,,,{},,0|i0000q:,,,,,,,,To Do,23/Aug/26 9:24 PM
Como visitante quiero acceder a información detallada sobre la empresa para comprender mejor su trayectoria y lo que ofrecen.,KAN-16,10015,Tarea,Por hacer,KAN,Paginas Web,software,JOSE ANDRES LORENZO SEGURA,62587f849e7380006fb40075,,Medium,,,,Joshua Picado,712020:7bde26d9-d0b8-405c-bca2-1b6e633bfffd,Joshua Picado,712020:7bde26d9-d0b8-405c-bca2-1b6e633bfffd,23/Aug/26 9:21 PM,26/Sep/26 5:17 PM,,,,0,,,Joshua Picado,,712020:7bde26d9-d0b8-405c-bca2-1b6e633bfffd,,,,,,,,,,,,{},,0|i0000r:,,,,,10013,KAN-14,[Landing] Sobre nosotros y ayuda,To Do,23/Aug/26 9:21 PM
Como visitante quiero leer la misión y visión de la empresa para conocer sus propósitos y valores.,KAN-15,10014,Tarea,Por hacer,KAN,Paginas Web,software,JOSE ANDRES LORENZO SEGURA,62587f849e7380006fb40075,,Medium,,,,Joshua Picado,712020:7bde26d9-d0b8-405c-bca2-1b6e633bfffd,Joshua Picado,712020:7bde26d9-d0b8-405c-bca2-1b6e633bfffd,23/Aug/26 9:21 PM,26/Sep/26 5:17 PM,,,,0,,,Joshua Picado,,712020:7bde26d9-d0b8-405c-bca2-1b6e633bfffd,,,,,,,,,,,,{},,0|i0000v:,,,,,10013,KAN-14,[Landing] Sobre nosotros y ayuda,To Do,23/Aug/26 9:21 PM
Como visitante quiero recibir un correo electrónico automático al confirmar el pago para poder iniciar el proceso de registro de mi cuenta.,KAN-24,10023,Tarea,Por hacer,KAN,Paginas Web,software,JOSE ANDRES LORENZO SEGURA,62587f849e7380006fb40075,,Medium,,MARCO ANTONIO QUIROS CABEZAS,712020:534446d8-6025-4d73-b502-5a4945c157c4,Joshua Picado,712020:7bde26d9-d0b8-405c-bca2-1b6e633bfffd,Joshua Picado,712020:7bde26d9-d0b8-405c-bca2-1b6e633bfffd,23/Aug/26 9:26 PM,29/Sep/26 7:33 PM,,,,0,,,Joshua Picado,,712020:7bde26d9-d0b8-405c-bca2-1b6e633bfffd,,,,,,,,,,,,{},,0|i0000w:,,,,,10019,KAN-20,[Landing] Gestión de la contratación de los planes,To Do,23/Aug/26 9:26 PM
Como visitante quiero revisar y aceptar los términos y condiciones antes de proceder al pago para confirmar que estoy de acuerdo con el servicio.,KAN-23,10022,Tarea,Por hacer,KAN,Paginas Web,software,JOSE ANDRES LORENZO SEGURA,62587f849e7380006fb40075,,Medium,,MARCO ANTONIO QUIROS CABEZAS,712020:534446d8-6025-4d73-b502-5a4945c157c4,Joshua Picado,712020:7bde26d9-d0b8-405c-bca2-1b6e633bfffd,Joshua Picado,712020:7bde26d9-d0b8-405c-bca2-1b6e633bfffd,23/Aug/26 9:25 PM,29/Sep/26 7:34 PM,,,,0,,,Joshua Picado,,712020:7bde26d9-d0b8-405c-bca2-1b6e633bfffd,,,,,,,,,,,,{},,0|i0000x:,,,,,10019,KAN-20,[Landing] Gestión de la contratación de los planes,To Do,23/Aug/26 9:25 PM
[Negocio] Login del suscriptor,KAN-28,10027,Epic,Por hacer,KAN,Paginas Web,software,JOSE ANDRES LORENZO SEGURA,62587f849e7380006fb40075,,Medium,,JOSE ANDRES LORENZO SEGURA,62587f849e7380006fb40075,Joshua Picado,712020:7bde26d9-d0b8-405c-bca2-1b6e633bfffd,Joshua Picado,712020:7bde26d9-d0b8-405c-bca2-1b6e633bfffd,23/Aug/26 9:31 PM,29/Sep/26 7:13 PM,,,,0,,,Joshua Picado,,712020:7bde26d9-d0b8-405c-bca2-1b6e633bfffd,,,,,,,,,,,,{},,0|i0000y:,,,,,,,,To Do,23/Aug/26 9:31 PM
[Negocio] Sidebar,KAN-29,10028,Epic,Por hacer,KAN,Paginas Web,software,JOSE ANDRES LORENZO SEGURA,62587f849e7380006fb40075,,Medium,,JOSE ANDRES LORENZO SEGURA,62587f849e7380006fb40075,Joshua Picado,712020:7bde26d9-d0b8-405c-bca2-1b6e633bfffd,Joshua Picado,712020:7bde26d9-d0b8-405c-bca2-1b6e633bfffd,23/Aug/26 9:32 PM,29/Sep/26 7:13 PM,,,,0,,,Joshua Picado,,712020:7bde26d9-d0b8-405c-bca2-1b6e633bfffd,,,,,,,,,,,,{},,0|i0000y:i,,,,,,,,To Do,23/Aug/26 9:32 PM
[Negocio] Gestión de servicio,KAN-30,10029,Epic,Por hacer,KAN,Paginas Web,software,JOSE ANDRES LORENZO SEGURA,62587f849e7380006fb40075,,Medium,,Randy,712020:2944bd8c-63da-40f9-bd8d-48d88e5ca723,Joshua Picado,712020:7bde26d9-d0b8-405c-bca2-1b6e633bfffd,Joshua Picado,712020:7bde26d9-d0b8-405c-bca2-1b6e633bfffd,23/Aug/26 9:32 PM,29/Sep/26 7:36 PM,,,,0,,,Joshua Picado,,712020:7bde26d9-d0b8-405c-bca2-1b6e633bfffd,,,,,,,,,,,,{},,0|i0000y:m,,,,,,,,To Do,23/Aug/26 9:32 PM
[Negocio] Configuración,KAN-31,10030,Epic,Por hacer,KAN,Paginas Web,software,JOSE ANDRES LORENZO SEGURA,62587f849e7380006fb40075,,Medium,,,,Joshua Picado,712020:7bde26d9-d0b8-405c-bca2-1b6e633bfffd,Joshua Picado,712020:7bde26d9-d0b8-405c-bca2-1b6e633bfffd,23/Aug/26 9:32 PM,26/Sep/26 3:05 PM,,,,0,,,Joshua Picado,,712020:7bde26d9-d0b8-405c-bca2-1b6e633bfffd,,,,,,,,,,,,{},,0|i0000y:mi,,,,,,,,To Do,23/Aug/26 9:32 PM
[Negocio] Gestión de suscripción,KAN-32,10031,Epic,Por hacer,KAN,Paginas Web,software,JOSE ANDRES LORENZO SEGURA,62587f849e7380006fb40075,,Medium,,,,Joshua Picado,712020:7bde26d9-d0b8-405c-bca2-1b6e633bfffd,Joshua Picado,712020:7bde26d9-d0b8-405c-bca2-1b6e633bfffd,23/Aug/26 9:32 PM,26/Sep/26 4:55 PM,,,,0,,,Joshua Picado,,712020:7bde26d9-d0b8-405c-bca2-1b6e633bfffd,,,,,,,,,,,,{},,0|i0000y:mm,,,,,,,,To Do,23/Aug/26 9:32 PM
[Negocio] Gestión Agenda y Reservas,KAN-63,10063,Epic,Por hacer,KAN,Paginas Web,software,JOSE ANDRES LORENZO SEGURA,62587f849e7380006fb40075,,Medium,,,,MARCO ANTONIO QUIROS CABEZAS,712020:534446d8-6025-4d73-b502-5a4945c157c4,MARCO ANTONIO QUIROS CABEZAS,712020:534446d8-6025-4d73-b502-5a4945c157c4,23/Aug/26 11:09 PM,26/Sep/26 4:55 PM,,,,0,,,MARCO ANTONIO QUIROS CABEZAS,,712020:534446d8-6025-4d73-b502-5a4945c157c4,,,,,,,,,,,,{},,0|i0000y:mr,,,,,,,,To Do,23/Aug/26 11:09 PM
[Negocio] Gestión Colaboradores,KAN-77,10077,Epic,Por hacer,KAN,Paginas Web,software,JOSE ANDRES LORENZO SEGURA,62587f849e7380006fb40075,,Medium,,,,MARCO ANTONIO QUIROS CABEZAS,712020:534446d8-6025-4d73-b502-5a4945c157c4,MARCO ANTONIO QUIROS CABEZAS,712020:534446d8-6025-4d73-b502-5a4945c157c4,23/Aug/26 11:11 PM,26/Sep/26 6:31 PM,,,,0,,,MARCO ANTONIO QUIROS CABEZAS,,712020:534446d8-6025-4d73-b502-5a4945c157c4,,,,,,,,,,,,{},,0|i0000y:mv,,,,,,,,To Do,23/Aug/26 11:11 PM
[Negocio] Gestión Clientes,KAN-87,10087,Epic,Por hacer,KAN,Paginas Web,software,JOSE ANDRES LORENZO SEGURA,62587f849e7380006fb40075,,Medium,,,,MARCO ANTONIO QUIROS CABEZAS,712020:534446d8-6025-4d73-b502-5a4945c157c4,MARCO ANTONIO QUIROS CABEZAS,712020:534446d8-6025-4d73-b502-5a4945c157c4,23/Aug/26 11:12 PM,26/Sep/26 6:31 PM,,,,0,,,MARCO ANTONIO QUIROS CABEZAS,,712020:534446d8-6025-4d73-b502-5a4945c157c4,,,,,,,,,,,,{},,0|i0000y:mvi,,,,,,,,To Do,23/Aug/26 11:12 PM
[Negocio] Configuración de notificaciones,KAN-99,10100,Epic,Por hacer,KAN,Paginas Web,software,JOSE ANDRES LORENZO SEGURA,62587f849e7380006fb40075,,Medium,,,,MARCO ANTONIO QUIROS CABEZAS,712020:534446d8-6025-4d73-b502-5a4945c157c4,MARCO ANTONIO QUIROS CABEZAS,712020:534446d8-6025-4d73-b502-5a4945c157c4,23/Aug/26 11:18 PM,26/Sep/26 3:05 PM,,,,0,,,MARCO ANTONIO QUIROS CABEZAS,,712020:534446d8-6025-4d73-b502-5a4945c157c4,,,,,,,,,,,,{},,0|i0000y:mvr,,,,,,,,To Do,23/Aug/26 11:18 PM
[Negocio] Reportes,KAN-102,10103,Epic,Por hacer,KAN,Paginas Web,software,JOSE ANDRES LORENZO SEGURA,62587f849e7380006fb40075,,Medium,,,,MARCO ANTONIO QUIROS CABEZAS,712020:534446d8-6025-4d73-b502-5a4945c157c4,MARCO ANTONIO QUIROS CABEZAS,712020:534446d8-6025-4d73-b502-5a4945c157c4,23/Aug/26 11:19 PM,26/Sep/26 4:55 PM,,,,0,,,MARCO ANTONIO QUIROS CABEZAS,,712020:534446d8-6025-4d73-b502-5a4945c157c4,,,,,,,,,,,,{},,0|i0000y:mvv,,,,,,,,To Do,23/Aug/26 11:19 PM
[Cliente] Navbar,KAN-96,10097,Epic,Por hacer,KAN,Paginas Web,software,JOSE ANDRES LORENZO SEGURA,62587f849e7380006fb40075,,Medium,,CRISTIAN ALONSO ROJAS ALFARO,712020:10d48efb-6240-4d70-8b06-f9a54e505f50,CRISTIAN ALONSO ROJAS ALFARO,712020:10d48efb-6240-4d70-8b06-f9a54e505f50,CRISTIAN ALONSO ROJAS ALFARO,712020:10d48efb-6240-4d70-8b06-f9a54e505f50,23/Aug/26 11:14 PM,29/Sep/26 7:22 PM,,,,0,,,CRISTIAN ALONSO ROJAS ALFARO,,712020:10d48efb-6240-4d70-8b06-f9a54e505f50,,,,,,,,,,,,{},,0|i0000y:mvw,,,,,,,,To Do,23/Aug/26 11:14 PM
[Cliente] Página principal del negocio,KAN-111,10112,Epic,Por hacer,KAN,Paginas Web,software,JOSE ANDRES LORENZO SEGURA,62587f849e7380006fb40075,,Medium,,,,CRISTIAN ALONSO ROJAS ALFARO,712020:10d48efb-6240-4d70-8b06-f9a54e505f50,CRISTIAN ALONSO ROJAS ALFARO,712020:10d48efb-6240-4d70-8b06-f9a54e505f50,23/Aug/26 11:28 PM,26/Sep/26 4:55 PM,,,,0,,,CRISTIAN ALONSO ROJAS ALFARO,,712020:10d48efb-6240-4d70-8b06-f9a54e505f50,,,,,,,,,,,,{},,0|i0000y:mvw9,,,,,,,,To Do,23/Aug/26 11:28 PM
[Cliente] Footer del negocio,KAN-117,10118,Epic,Por hacer,KAN,Paginas Web,software,JOSE ANDRES LORENZO SEGURA,62587f849e7380006fb40075,,Medium,,CRISTIAN ALONSO ROJAS ALFARO,712020:10d48efb-6240-4d70-8b06-f9a54e505f50,CRISTIAN ALONSO ROJAS ALFARO,712020:10d48efb-6240-4d70-8b06-f9a54e505f50,CRISTIAN ALONSO ROJAS ALFARO,712020:10d48efb-6240-4d70-8b06-f9a54e505f50,23/Aug/26 11:31 PM,29/Sep/26 7:32 PM,,,,0,,,CRISTIAN ALONSO ROJAS ALFARO,,712020:10d48efb-6240-4d70-8b06-f9a54e505f50,,,,,,,,,,,,{},,0|i0000y:mvwb,,,,,,,,To Do,23/Aug/26 11:31 PM
[Cliente] Registro del cliente,KAN-122,10123,Epic,Por hacer,KAN,Paginas Web,software,JOSE ANDRES LORENZO SEGURA,62587f849e7380006fb40075,,Medium,,,,CRISTIAN ALONSO ROJAS ALFARO,712020:10d48efb-6240-4d70-8b06-f9a54e505f50,CRISTIAN ALONSO ROJAS ALFARO,712020:10d48efb-6240-4d70-8b06-f9a54e505f50,23/Aug/26 11:32 PM,26/Sep/26 4:55 PM,,,,0,,,CRISTIAN ALONSO ROJAS ALFARO,,712020:10d48efb-6240-4d70-8b06-f9a54e505f50,,,,,,,,,,,,{},,0|i0000y:mvwbi,,,,,,,,To Do,23/Aug/26 11:32 PM
[Cliente] Login del cliente,KAN-128,10129,Epic,Por hacer,KAN,Paginas Web,software,JOSE ANDRES LORENZO SEGURA,62587f849e7380006fb40075,,Medium,,JOSE ANDRES LORENZO SEGURA,62587f849e7380006fb40075,CRISTIAN ALONSO ROJAS ALFARO,712020:10d48efb-6240-4d70-8b06-f9a54e505f50,CRISTIAN ALONSO ROJAS ALFARO,712020:10d48efb-6240-4d70-8b06-f9a54e505f50,23/Aug/26 11:33 PM,03/Oct/26 4:33 PM,,,,0,,,CRISTIAN ALONSO ROJAS ALFARO,,712020:10d48efb-6240-4d70-8b06-f9a54e505f50,,,,,,,,,,,,{},,0|i0000y:mvwbm,,,,,,,,To Do,23/Aug/26 11:33 PM
[Cliente] Selección de servicio y colaborador,KAN-134,10135,Epic,Por hacer,KAN,Paginas Web,software,JOSE ANDRES LORENZO SEGURA,62587f849e7380006fb40075,,Medium,,,,CRISTIAN ALONSO ROJAS ALFARO,712020:10d48efb-6240-4d70-8b06-f9a54e505f50,CRISTIAN ALONSO ROJAS ALFARO,712020:10d48efb-6240-4d70-8b06-f9a54e505f50,23/Aug/26 11:34 PM,26/Sep/26 4:56 PM,,,,0,,,CRISTIAN ALONSO ROJAS ALFARO,,712020:10d48efb-6240-4d70-8b06-f9a54e505f50,,,,,,,,,,,,{},,0|i0000y:mvwbn,,,,,,,,To Do,23/Aug/26 11:34 PM
[Cliente] Consulta de disponibilidad,KAN-139,10140,Epic,Por hacer,KAN,Paginas Web,software,JOSE ANDRES LORENZO SEGURA,62587f849e7380006fb40075,,Medium,,,,CRISTIAN ALONSO ROJAS ALFARO,712020:10d48efb-6240-4d70-8b06-f9a54e505f50,CRISTIAN ALONSO ROJAS ALFARO,712020:10d48efb-6240-4d70-8b06-f9a54e505f50,23/Aug/26 11:36 PM,26/Sep/26 4:56 PM,,,,0,,,CRISTIAN ALONSO ROJAS ALFARO,,712020:10d48efb-6240-4d70-8b06-f9a54e505f50,,,,,,,,,,,,{},,0|i0000y:mvwbn9,,,,,,,,To Do,23/Aug/26 11:36 PM
[Cliente] Gestión de reservaciones,KAN-145,10146,Epic,Por hacer,KAN,Paginas Web,software,JOSE ANDRES LORENZO SEGURA,62587f849e7380006fb40075,,Medium,,,,CRISTIAN ALONSO ROJAS ALFARO,712020:10d48efb-6240-4d70-8b06-f9a54e505f50,CRISTIAN ALONSO ROJAS ALFARO,712020:10d48efb-6240-4d70-8b06-f9a54e505f50,23/Aug/26 11:37 PM,26/Sep/26 4:56 PM,,,,0,,,CRISTIAN ALONSO ROJAS ALFARO,,712020:10d48efb-6240-4d70-8b06-f9a54e505f50,,,,,,,,,,,,{},,0|i0000y:mvwbnb,,,,,,,,To Do,23/Aug/26 11:37 PM
[Cliente] Mis reservaciones,KAN-150,10151,Epic,Por hacer,KAN,Paginas Web,software,JOSE ANDRES LORENZO SEGURA,62587f849e7380006fb40075,,Medium,,,,CRISTIAN ALONSO ROJAS ALFARO,712020:10d48efb-6240-4d70-8b06-f9a54e505f50,CRISTIAN ALONSO ROJAS ALFARO,712020:10d48efb-6240-4d70-8b06-f9a54e505f50,23/Aug/26 11:38 PM,26/Sep/26 4:56 PM,,,,0,,,CRISTIAN ALONSO ROJAS ALFARO,,712020:10d48efb-6240-4d70-8b06-f9a54e505f50,,,,,,,,,,,,{},,0|i0000y:mvwbnb4,,,,,,,,To Do,23/Aug/26 11:38 PM
[Cliente] Reprogramación y cancelación de reservaciones,KAN-155,10156,Epic,Por hacer,KAN,Paginas Web,software,JOSE ANDRES LORENZO SEGURA,62587f849e7380006fb40075,,Medium,,,,CRISTIAN ALONSO ROJAS ALFARO,712020:10d48efb-6240-4d70-8b06-f9a54e505f50,CRISTIAN ALONSO ROJAS ALFARO,712020:10d48efb-6240-4d70-8b06-f9a54e505f50,23/Aug/26 11:40 PM,26/Sep/26 4:56 PM,,,,0,,,CRISTIAN ALONSO ROJAS ALFARO,,712020:10d48efb-6240-4d70-8b06-f9a54e505f50,,,,,,,,,,,,{},,0|i0000y:mvwbnb4i,,,,,,,,To Do,23/Aug/26 11:40 PM
[Cliente] Notificaciones y recordatorios,KAN-163,10164,Epic,Por hacer,KAN,Paginas Web,software,JOSE ANDRES LORENZO SEGURA,62587f849e7380006fb40075,,Medium,,,,CRISTIAN ALONSO ROJAS ALFARO,712020:10d48efb-6240-4d70-8b06-f9a54e505f50,CRISTIAN ALONSO ROJAS ALFARO,712020:10d48efb-6240-4d70-8b06-f9a54e505f50,23/Aug/26 11:41 PM,26/Sep/26 3:05 PM,,,,0,,,CRISTIAN ALONSO ROJAS ALFARO,,712020:10d48efb-6240-4d70-8b06-f9a54e505f50,,,,,,,,,,,,{},,0|i0000y:mvwbnb4r,,,,,,,,To Do,23/Aug/26 11:41 PM
[Cliente] Perfil y configuración,KAN-168,10169,Epic,Por hacer,KAN,Paginas Web,software,JOSE ANDRES LORENZO SEGURA,62587f849e7380006fb40075,,Medium,,,,CRISTIAN ALONSO ROJAS ALFARO,712020:10d48efb-6240-4d70-8b06-f9a54e505f50,CRISTIAN ALONSO ROJAS ALFARO,712020:10d48efb-6240-4d70-8b06-f9a54e505f50,23/Aug/26 11:43 PM,26/Sep/26 3:05 PM,,,,0,,,CRISTIAN ALONSO ROJAS ALFARO,,712020:10d48efb-6240-4d70-8b06-f9a54e505f50,,,,,,,,,,,,{},,0|i0000y:mvwbnb5,,,,,,,,To Do,23/Aug/26 11:43 PM
Como visitante quiero proceder al pago del plan mediante la pasarela simulada para completar la contratación.,KAN-22,10021,Tarea,Por hacer,KAN,Paginas Web,software,JOSE ANDRES LORENZO SEGURA,62587f849e7380006fb40075,,Medium,,MARCO ANTONIO QUIROS CABEZAS,712020:534446d8-6025-4d73-b502-5a4945c157c4,Joshua Picado,712020:7bde26d9-d0b8-405c-bca2-1b6e633bfffd,Joshua Picado,712020:7bde26d9-d0b8-405c-bca2-1b6e633bfffd,23/Aug/26 9:25 PM,29/Sep/26 7:34 PM,,,,0,,,Joshua Picado,,712020:7bde26d9-d0b8-405c-bca2-1b6e633bfffd,,,,,,,,,,,,{},,0|i0000z:,,,,,10019,KAN-20,[Landing] Gestión de la contratación de los planes,To Do,23/Aug/26 9:25 PM
Como visitante quiero ver más información detallada de cada plan para conocer a fondo las características que incluye.,KAN-21,10020,Tarea,Por hacer,KAN,Paginas Web,software,JOSE ANDRES LORENZO SEGURA,62587f849e7380006fb40075,,Medium,,MARCO ANTONIO QUIROS CABEZAS,712020:534446d8-6025-4d73-b502-5a4945c157c4,Joshua Picado,712020:7bde26d9-d0b8-405c-bca2-1b6e633bfffd,Joshua Picado,712020:7bde26d9-d0b8-405c-bca2-1b6e633bfffd,23/Aug/26 9:24 PM,29/Sep/26 7:34 PM,,,,0,,,Joshua Picado,,712020:7bde26d9-d0b8-405c-bca2-1b6e633bfffd,,,,,,,,,,,,{},,0|i00013:,,,,,10019,KAN-20,[Landing] Gestión de la contratación de los planes,To Do,23/Aug/26 9:24 PM
"suscriptor quiero completar un formulario con mis datos personales y correo, visualizando mi contraseña y su nivel de seguridad, para crear mi cuenta correctamente.",KAN-25,10024,Tarea,Por hacer,KAN,Paginas Web,software,JOSE ANDRES LORENZO SEGURA,62587f849e7380006fb40075,,Medium,,MARCO ANTONIO QUIROS CABEZAS,712020:534446d8-6025-4d73-b502-5a4945c157c4,Joshua Picado,712020:7bde26d9-d0b8-405c-bca2-1b6e633bfffd,Joshua Picado,712020:7bde26d9-d0b8-405c-bca2-1b6e633bfffd,23/Aug/26 9:26 PM,29/Sep/26 7:35 PM,,,,0,,,Joshua Picado,,712020:7bde26d9-d0b8-405c-bca2-1b6e633bfffd,,,,,,,,,,,,{},purple,0|i00017:,,,,,10025,KAN-26,[Negocio] Registro del usuario una vez confirmado correo,To Do,23/Aug/26 9:26 PM
suscriptor quiero ser redirigido automáticamente a la pantalla de inicio de sesión tras finalizar mi registro para ingresar al panel.,KAN-27,10026,Tarea,Por hacer,KAN,Paginas Web,software,JOSE ANDRES LORENZO SEGURA,62587f849e7380006fb40075,,Medium,,MARCO ANTONIO QUIROS CABEZAS,712020:534446d8-6025-4d73-b502-5a4945c157c4,Joshua Picado,712020:7bde26d9-d0b8-405c-bca2-1b6e633bfffd,Joshua Picado,712020:7bde26d9-d0b8-405c-bca2-1b6e633bfffd,23/Aug/26 9:30 PM,29/Sep/26 7:35 PM,,,,0,,,Joshua Picado,,712020:7bde26d9-d0b8-405c-bca2-1b6e633bfffd,,,,,,,,,,,,{},,0|i0001b:,,,,,10025,KAN-26,[Negocio] Registro del usuario una vez confirmado correo,To Do,23/Aug/26 9:30 PM
"Como suscriptor quiero que mi sesión genere un token de seguridad que me desloguee automáticamente tras un tiempo de inactividad, para proteger mi información.",KAN-38,10037,Tarea,Por hacer,KAN,Paginas Web,software,JOSE ANDRES LORENZO SEGURA,62587f849e7380006fb40075,,Medium,,JOSE ANDRES LORENZO SEGURA,62587f849e7380006fb40075,Joshua Picado,712020:7bde26d9-d0b8-405c-bca2-1b6e633bfffd,Joshua Picado,712020:7bde26d9-d0b8-405c-bca2-1b6e633bfffd,23/Aug/26 9:51 PM,29/Sep/26 7:32 PM,,,,0,,,Joshua Picado,,712020:7bde26d9-d0b8-405c-bca2-1b6e633bfffd,,,,,,,,,,,,{},,0|i0001b:9,,,,,10027,KAN-28,[Negocio] Login del suscriptor,To Do,29/Sep/26 7:32 PM
Como suscriptor quiero recibir retroalimentación visual sobre la seguridad de mi contraseña al recuperarla para garantizar que sea lo suficientemente fuerte.,KAN-37,10036,Tarea,Por hacer,KAN,Paginas Web,software,JOSE ANDRES LORENZO SEGURA,62587f849e7380006fb40075,,Medium,,JOSE ANDRES LORENZO SEGURA,62587f849e7380006fb40075,Joshua Picado,712020:7bde26d9-d0b8-405c-bca2-1b6e633bfffd,Joshua Picado,712020:7bde26d9-d0b8-405c-bca2-1b6e633bfffd,23/Aug/26 9:50 PM,28/Sep/26 5:38 PM,,,,0,,,Joshua Picado,,712020:7bde26d9-d0b8-405c-bca2-1b6e633bfffd,,,,,,,,,,,,{},,0|i0001b:i,,,,,10027,KAN-28,[Negocio] Login del suscriptor,To Do,23/Aug/26 9:50 PM
Como suscriptor quiero solicitar la recuperación de mi contraseña mediante mi correo electrónico para restablecer el acceso si la olvido.,KAN-36,10035,Tarea,Por hacer,KAN,Paginas Web,software,JOSE ANDRES LORENZO SEGURA,62587f849e7380006fb40075,,Medium,,JOSE ANDRES LORENZO SEGURA,62587f849e7380006fb40075,Joshua Picado,712020:7bde26d9-d0b8-405c-bca2-1b6e633bfffd,Joshua Picado,712020:7bde26d9-d0b8-405c-bca2-1b6e633bfffd,23/Aug/26 9:50 PM,28/Sep/26 5:38 PM,,,,0,,,Joshua Picado,,712020:7bde26d9-d0b8-405c-bca2-1b6e633bfffd,,,,,,,,,,,,{},,0|i0001c:,,,,,10027,KAN-28,[Negocio] Login del suscriptor,To Do,23/Aug/26 9:50 PM
Como suscriptor quiero poder visualizar u ocultar mi contraseña (ojito) mientras la ingreso para asegurarme de que la escribí sin errores.,KAN-35,10034,Tarea,Por hacer,KAN,Paginas Web,software,JOSE ANDRES LORENZO SEGURA,62587f849e7380006fb40075,,Medium,,JOSE ANDRES LORENZO SEGURA,62587f849e7380006fb40075,Joshua Picado,712020:7bde26d9-d0b8-405c-bca2-1b6e633bfffd,Joshua Picado,712020:7bde26d9-d0b8-405c-bca2-1b6e633bfffd,23/Aug/26 9:50 PM,28/Sep/26 5:38 PM,,,,0,,,Joshua Picado,,712020:7bde26d9-d0b8-405c-bca2-1b6e633bfffd,,,,,,,,,,,,{},,0|i0001d:,,,,,10027,KAN-28,[Negocio] Login del suscriptor,To Do,23/Aug/26 9:50 PM
Como suscriptor quiero recibir mensajes de error claros si ingreso datos incorrectos para saber qué información debo corregir.,KAN-34,10033,Tarea,Por hacer,KAN,Paginas Web,software,JOSE ANDRES LORENZO SEGURA,62587f849e7380006fb40075,,Medium,,JOSE ANDRES LORENZO SEGURA,62587f849e7380006fb40075,Joshua Picado,712020:7bde26d9-d0b8-405c-bca2-1b6e633bfffd,Joshua Picado,712020:7bde26d9-d0b8-405c-bca2-1b6e633bfffd,23/Aug/26 9:50 PM,28/Sep/26 5:38 PM,,,,0,,,Joshua Picado,,712020:7bde26d9-d0b8-405c-bca2-1b6e633bfffd,,,,,,,,,,,,{},,0|i0001f:,,,,,10027,KAN-28,[Negocio] Login del suscriptor,To Do,23/Aug/26 9:50 PM
Como suscriptor quiero iniciar sesión validando un recaptcha para asegurar que mi cuenta está protegida contra ingresos automatizados.,KAN-33,10032,Tarea,Por hacer,KAN,Paginas Web,software,JOSE ANDRES LORENZO SEGURA,62587f849e7380006fb40075,,Medium,,JOSE ANDRES LORENZO SEGURA,62587f849e7380006fb40075,Joshua Picado,712020:7bde26d9-d0b8-405c-bca2-1b6e633bfffd,Joshua Picado,712020:7bde26d9-d0b8-405c-bca2-1b6e633bfffd,23/Aug/26 9:50 PM,28/Sep/26 5:38 PM,,,,0,,,Joshua Picado,,712020:7bde26d9-d0b8-405c-bca2-1b6e633bfffd,,,,,,,,,,,,{},,0|i0001j:,,,,,10027,KAN-28,[Negocio] Login del suscriptor,To Do,23/Aug/26 9:50 PM
Como suscriptor quiero cerrar sesión desde la barra lateral para proteger el acceso a mi cuenta cuando termino de usar la plataforma.,KAN-42,10041,Tarea,Por hacer,KAN,Paginas Web,software,JOSE ANDRES LORENZO SEGURA,62587f849e7380006fb40075,,Medium,,JOSE ANDRES LORENZO SEGURA,62587f849e7380006fb40075,MARCO ANTONIO QUIROS CABEZAS,712020:534446d8-6025-4d73-b502-5a4945c157c4,MARCO ANTONIO QUIROS CABEZAS,712020:534446d8-6025-4d73-b502-5a4945c157c4,23/Aug/26 11:00 PM,28/Sep/26 5:40 PM,,,,0,,,MARCO ANTONIO QUIROS CABEZAS,,712020:534446d8-6025-4d73-b502-5a4945c157c4,,,,,,,,,,,,{},,0|i0001k:,,,,,10028,KAN-29,[Negocio] Sidebar,To Do,23/Aug/26 11:00 PM
como suscriptor quiero ver un banner de aviso si mi suscripción está por vencer.,KAN-41,10040,Tarea,Por hacer,KAN,Paginas Web,software,JOSE ANDRES LORENZO SEGURA,62587f849e7380006fb40075,,Medium,,,,MARCO ANTONIO QUIROS CABEZAS,712020:534446d8-6025-4d73-b502-5a4945c157c4,MARCO ANTONIO QUIROS CABEZAS,712020:534446d8-6025-4d73-b502-5a4945c157c4,23/Aug/26 11:00 PM,23/Aug/26 11:00 PM,,,,0,,,MARCO ANTONIO QUIROS CABEZAS,,712020:534446d8-6025-4d73-b502-5a4945c157c4,,,,,,,,,,,,{},,0|i0001l:,,,,,10028,KAN-29,[Negocio] Sidebar,To Do,23/Aug/26 11:00 PM
como suscriptor quiero ver un banner de mi suscripción,KAN-40,10039,Tarea,Por hacer,KAN,Paginas Web,software,JOSE ANDRES LORENZO SEGURA,62587f849e7380006fb40075,,Medium,,,,MARCO ANTONIO QUIROS CABEZAS,712020:534446d8-6025-4d73-b502-5a4945c157c4,MARCO ANTONIO QUIROS CABEZAS,712020:534446d8-6025-4d73-b502-5a4945c157c4,23/Aug/26 11:00 PM,23/Aug/26 11:00 PM,,,,0,,,MARCO ANTONIO QUIROS CABEZAS,,712020:534446d8-6025-4d73-b502-5a4945c157c4,,,,,,,,,,,,{},,0|i0001n:,,,,,10028,KAN-29,[Negocio] Sidebar,To Do,23/Aug/26 11:00 PM
Como suscriptor quiero ver el nombre y logo de mi negocio en la barra lateral.,KAN-39,10038,Tarea,Por hacer,KAN,Paginas Web,software,JOSE ANDRES LORENZO SEGURA,62587f849e7380006fb40075,,Medium,,JOSE ANDRES LORENZO SEGURA,62587f849e7380006fb40075,MARCO ANTONIO QUIROS CABEZAS,712020:534446d8-6025-4d73-b502-5a4945c157c4,MARCO ANTONIO QUIROS CABEZAS,712020:534446d8-6025-4d73-b502-5a4945c157c4,23/Aug/26 11:00 PM,28/Sep/26 5:40 PM,,,,0,,,MARCO ANTONIO QUIROS CABEZAS,,712020:534446d8-6025-4d73-b502-5a4945c157c4,,,,,,,,,,,,{},,0|i0001r:,,,,,10028,KAN-29,[Negocio] Sidebar,To Do,23/Aug/26 11:00 PM
Como suscriptor quiero simular la renovación de mi suscripción y recibir el resultado del pago para conocer el estado de mi suscripción.,KAN-48,10048,Tarea,Por hacer,KAN,Paginas Web,software,JOSE ANDRES LORENZO SEGURA,62587f849e7380006fb40075,,Medium,,,,MARCO ANTONIO QUIROS CABEZAS,712020:534446d8-6025-4d73-b502-5a4945c157c4,MARCO ANTONIO QUIROS CABEZAS,712020:534446d8-6025-4d73-b502-5a4945c157c4,23/Aug/26 11:05 PM,28/Sep/26 7:14 PM,,,,0,,,Alejandro Abarca,MARCO ANTONIO QUIROS CABEZAS,712020:1d442998-fd56-4a24-8e88-ec5dc34e57f7,712020:534446d8-6025-4d73-b502-5a4945c157c4,,,,,,,,,KAN-50,,{},,0|i0001r:9,,,,"28/Sep/26 7:11 PM;712020:1d442998-fd56-4a24-8e88-ec5dc34e57f7;Corrección: Se ajustó la historia al alcance actual del proyecto. La renovación y el pago serán simulados; la integración con una pasarela real, almacenamiento de métodos de pago y reintentos automáticos quedan fuera del alcance actual.
Resumen anterior: Como suscriptor quiero que, si un cobro automático de renovación falla, el sistema reintente el cobro y me notifique en cada intento antes de marcar mi suscripción como vencida.",10031,KAN-32,[Negocio] Gestión de suscripción,To Do,26/Sep/26 4:42 PM
"Como suscriptor quiero que, si un cobro automático de renovación falla, el sistema reintente el cobro y me notifique en cada intento antes de marcar mi suscripción como vencida. ",KAN-50,10050,Tarea,Finalizado,KAN,Paginas Web,software,JOSE ANDRES LORENZO SEGURA,62587f849e7380006fb40075,,Medium,Done,,,MARCO ANTONIO QUIROS CABEZAS,712020:534446d8-6025-4d73-b502-5a4945c157c4,MARCO ANTONIO QUIROS CABEZAS,712020:534446d8-6025-4d73-b502-5a4945c157c4,23/Aug/26 11:06 PM,26/Sep/26 5:07 PM,,26/Sep/26 2:59 PM,,0,,,Alejandro Abarca,MARCO ANTONIO QUIROS CABEZAS,712020:1d442998-fd56-4a24-8e88-ec5dc34e57f7,712020:534446d8-6025-4d73-b502-5a4945c157c4,,,,,,,,,,KAN-48,{},,0|i0001r:b,,,,26/Sep/26 2:59 PM;712020:1d442998-fd56-4a24-8e88-ec5dc34e57f7;Se cierra *KAN-50* por ser un duplicado exacto de *KAN-48* (reintento de cobro de renovación fallido). Su estado pasa a finalizado con una vinculación de duplicación de KAN-50 _→_ 48.,10031,KAN-32,[Negocio] Gestión de suscripción,Done,26/Sep/26 2:59 PM
"Como suscriptor quiero que, al quedar mi suscripción vencida o cancelada mi acceso se restrinja automáticamente a solo lectura de mis datos históricos, sin poder crear nuevas reservas ni servicios.",KAN-49,10049,Tarea,Por hacer,KAN,Paginas Web,software,JOSE ANDRES LORENZO SEGURA,62587f849e7380006fb40075,,Medium,,,,MARCO ANTONIO QUIROS CABEZAS,712020:534446d8-6025-4d73-b502-5a4945c157c4,MARCO ANTONIO QUIROS CABEZAS,712020:534446d8-6025-4d73-b502-5a4945c157c4,23/Aug/26 11:06 PM,23/Aug/26 11:06 PM,,,,0,,,MARCO ANTONIO QUIROS CABEZAS,,712020:534446d8-6025-4d73-b502-5a4945c157c4,,,,,,,,,,,,{},,0|i0001r:d,,,,,10031,KAN-32,[Negocio] Gestión de suscripción,To Do,23/Aug/26 11:06 PM
"Como suscriptor quiero cancelar mi suscripción para detener la renovación automática cuando ya no desee continuar usando la plataforma, conservando mi acceso completo hasta el final del periodo que ya pagué.",KAN-47,10046,Tarea,Por hacer,KAN,Paginas Web,software,JOSE ANDRES LORENZO SEGURA,62587f849e7380006fb40075,,Medium,,,,MARCO ANTONIO QUIROS CABEZAS,712020:534446d8-6025-4d73-b502-5a4945c157c4,MARCO ANTONIO QUIROS CABEZAS,712020:534446d8-6025-4d73-b502-5a4945c157c4,23/Aug/26 11:04 PM,23/Aug/26 11:04 PM,,,,0,,,MARCO ANTONIO QUIROS CABEZAS,,712020:534446d8-6025-4d73-b502-5a4945c157c4,,,,,,,,,,,,{},,0|i0001r:i,,,,,10031,KAN-32,[Negocio] Gestión de suscripción,To Do,23/Aug/26 11:04 PM
historial pagos: como suscriptor quiero consultar el historial de pagos de mi suscripción,KAN-46,10045,Tarea,Por hacer,KAN,Paginas Web,software,JOSE ANDRES LORENZO SEGURA,62587f849e7380006fb40075,,Medium,,,,MARCO ANTONIO QUIROS CABEZAS,712020:534446d8-6025-4d73-b502-5a4945c157c4,MARCO ANTONIO QUIROS CABEZAS,712020:534446d8-6025-4d73-b502-5a4945c157c4,23/Aug/26 11:03 PM,23/Aug/26 11:03 PM,,,,0,,,MARCO ANTONIO QUIROS CABEZAS,,712020:534446d8-6025-4d73-b502-5a4945c157c4,,,,,,,,,,,,{},,0|i0001s:,,,,,10031,KAN-32,[Negocio] Gestión de suscripción,To Do,23/Aug/26 11:03 PM
pagar: como suscriptor quiero pagar mi suscripción (mediante la pasarela simulada ) y recibir un comprobante de pago descargable,KAN-45,10044,Tarea,Por hacer,KAN,Paginas Web,software,JOSE ANDRES LORENZO SEGURA,62587f849e7380006fb40075,,Medium,,,,MARCO ANTONIO QUIROS CABEZAS,712020:534446d8-6025-4d73-b502-5a4945c157c4,MARCO ANTONIO QUIROS CABEZAS,712020:534446d8-6025-4d73-b502-5a4945c157c4,23/Aug/26 11:03 PM,23/Aug/26 11:03 PM,,,,0,,,MARCO ANTONIO QUIROS CABEZAS,,712020:534446d8-6025-4d73-b502-5a4945c157c4,,,,,,,,,,,,{},,0|i0001t:,,,,,10031,KAN-32,[Negocio] Gestión de suscripción,To Do,23/Aug/26 11:03 PM
cambiar plan: como suscriptor quiero hacer upgrade de mi plan de suscripción y comparar características,KAN-44,10043,Tarea,Por hacer,KAN,Paginas Web,software,JOSE ANDRES LORENZO SEGURA,62587f849e7380006fb40075,,Medium,,,,MARCO ANTONIO QUIROS CABEZAS,712020:534446d8-6025-4d73-b502-5a4945c157c4,MARCO ANTONIO QUIROS CABEZAS,712020:534446d8-6025-4d73-b502-5a4945c157c4,23/Aug/26 11:02 PM,23/Aug/26 11:02 PM,,,,0,,,MARCO ANTONIO QUIROS CABEZAS,,712020:534446d8-6025-4d73-b502-5a4945c157c4,,,,,,,,,,,,{},,0|i0001v:,,,,,10031,KAN-32,[Negocio] Gestión de suscripción,To Do,23/Aug/26 11:02 PM
consultar plan: como suscriptor quiero ver el estado actual de mi suscripción ,KAN-43,10042,Tarea,Por hacer,KAN,Paginas Web,software,JOSE ANDRES LORENZO SEGURA,62587f849e7380006fb40075,,Medium,,,,MARCO ANTONIO QUIROS CABEZAS,712020:534446d8-6025-4d73-b502-5a4945c157c4,MARCO ANTONIO QUIROS CABEZAS,712020:534446d8-6025-4d73-b502-5a4945c157c4,23/Aug/26 11:01 PM,23/Aug/26 11:01 PM,,,,0,,,MARCO ANTONIO QUIROS CABEZAS,,712020:534446d8-6025-4d73-b502-5a4945c157c4,,,,,,,,,,,,{},,0|i0001z:,,,,,10031,KAN-32,[Negocio] Gestión de suscripción,To Do,23/Aug/26 11:01 PM
Cambiar contraseña: como suscriptor quiero acceder a cambiar la contraseña desde configuraciones,KAN-53,10053,Tarea,Por hacer,KAN,Paginas Web,software,JOSE ANDRES LORENZO SEGURA,62587f849e7380006fb40075,,Medium,,,,MARCO ANTONIO QUIROS CABEZAS,712020:534446d8-6025-4d73-b502-5a4945c157c4,MARCO ANTONIO QUIROS CABEZAS,712020:534446d8-6025-4d73-b502-5a4945c157c4,23/Aug/26 11:07 PM,23/Aug/26 11:07 PM,,,,0,,,MARCO ANTONIO QUIROS CABEZAS,,712020:534446d8-6025-4d73-b502-5a4945c157c4,,,,,,,,,,,,{},,0|i00021:,,,,,10030,KAN-31,[Negocio] Configuración,To Do,23/Aug/26 11:07 PM
Tema: como suscriptor quiero cambiar la apariencia entre claro/oscuro de mi página/interfaz gráfica.,KAN-52,10052,Tarea,Por hacer,KAN,Paginas Web,software,JOSE ANDRES LORENZO SEGURA,62587f849e7380006fb40075,,Medium,,,,MARCO ANTONIO QUIROS CABEZAS,712020:534446d8-6025-4d73-b502-5a4945c157c4,MARCO ANTONIO QUIROS CABEZAS,712020:534446d8-6025-4d73-b502-5a4945c157c4,23/Aug/26 11:07 PM,23/Aug/26 11:07 PM,,,,0,,,MARCO ANTONIO QUIROS CABEZAS,,712020:534446d8-6025-4d73-b502-5a4945c157c4,,,,,,,,,,,,{},,0|i00023:,,,,,10030,KAN-31,[Negocio] Configuración,To Do,23/Aug/26 11:07 PM
Idioma: como suscriptor quiero cambiar idioma entre inglés y español ,KAN-51,10051,Tarea,Por hacer,KAN,Paginas Web,software,JOSE ANDRES LORENZO SEGURA,62587f849e7380006fb40075,,Medium,,,,MARCO ANTONIO QUIROS CABEZAS,712020:534446d8-6025-4d73-b502-5a4945c157c4,MARCO ANTONIO QUIROS CABEZAS,712020:534446d8-6025-4d73-b502-5a4945c157c4,23/Aug/26 11:07 PM,23/Aug/26 11:07 PM,,,,0,,,MARCO ANTONIO QUIROS CABEZAS,,712020:534446d8-6025-4d73-b502-5a4945c157c4,,,,,,,,,,,,{},,0|i00027:,,,,,10030,KAN-31,[Negocio] Configuración,To Do,23/Aug/26 11:07 PM
"como suscriptor quiero que el precio y duración vigente al momento de crear una reserva queden guardados según el momento que se hizo, es decir, que si hay cambios posteriores en el servicio no alteren los reportes de ingresos pasados.",KAN-62,10062,Tarea,Por hacer,KAN,Paginas Web,software,JOSE ANDRES LORENZO SEGURA,62587f849e7380006fb40075,,Medium,,,,MARCO ANTONIO QUIROS CABEZAS,712020:534446d8-6025-4d73-b502-5a4945c157c4,MARCO ANTONIO QUIROS CABEZAS,712020:534446d8-6025-4d73-b502-5a4945c157c4,23/Aug/26 11:08 PM,26/Sep/26 6:28 PM,,,,0,,,MARCO ANTONIO QUIROS CABEZAS,,712020:534446d8-6025-4d73-b502-5a4945c157c4,,,,,,,,,,,,{},,0|i00027:1,,,,,10029,KAN-30,[Negocio] Gestión de servicio,To Do,23/Aug/26 11:08 PM
"Asignar colaboradores: como suscriptor quiero asignar uno o varios colaboradores a un servicio y definir si el cliente puede elegir a cual, o si el sistema asigna uno disponible automáticamente.",KAN-61,10061,Tarea,Por hacer,KAN,Paginas Web,software,JOSE ANDRES LORENZO SEGURA,62587f849e7380006fb40075,,Medium,,,,MARCO ANTONIO QUIROS CABEZAS,712020:534446d8-6025-4d73-b502-5a4945c157c4,MARCO ANTONIO QUIROS CABEZAS,712020:534446d8-6025-4d73-b502-5a4945c157c4,23/Aug/26 11:08 PM,23/Aug/26 11:08 PM,,,,0,,,MARCO ANTONIO QUIROS CABEZAS,,712020:534446d8-6025-4d73-b502-5a4945c157c4,,,,,,,,,,,,{},,0|i00027:2,,,,,10029,KAN-30,[Negocio] Gestión de servicio,To Do,23/Aug/26 11:08 PM
"Descuentos: como suscriptor quiero configurar descuentos o promociones sobre un servicio existente, definiendo porcentaje, monto fijo o reservas y su vigencia por fechas, esto para incentivar a mis clientes.",KAN-60,10060,Tarea,Por hacer,KAN,Paginas Web,software,JOSE ANDRES LORENZO SEGURA,62587f849e7380006fb40075,,Medium,,,,MARCO ANTONIO QUIROS CABEZAS,712020:534446d8-6025-4d73-b502-5a4945c157c4,MARCO ANTONIO QUIROS CABEZAS,712020:534446d8-6025-4d73-b502-5a4945c157c4,23/Aug/26 11:08 PM,23/Aug/26 11:08 PM,,,,0,,,MARCO ANTONIO QUIROS CABEZAS,,712020:534446d8-6025-4d73-b502-5a4945c157c4,,,,,,,,,,,,{},,0|i00027:4,,,,,10029,KAN-30,[Negocio] Gestión de servicio,To Do,23/Aug/26 11:08 PM
"Eliminar: como suscriptor quiero eliminar un servicio desactivado solo cuando no tenga reservas activas asociadas o pendientes, y si las tiene que el sistema no me permita eliminarlo. ",KAN-59,10059,Tarea,Por hacer,KAN,Paginas Web,software,JOSE ANDRES LORENZO SEGURA,62587f849e7380006fb40075,,Medium,,,,MARCO ANTONIO QUIROS CABEZAS,712020:534446d8-6025-4d73-b502-5a4945c157c4,MARCO ANTONIO QUIROS CABEZAS,712020:534446d8-6025-4d73-b502-5a4945c157c4,23/Aug/26 11:08 PM,23/Aug/26 11:08 PM,,,,0,,,MARCO ANTONIO QUIROS CABEZAS,,712020:534446d8-6025-4d73-b502-5a4945c157c4,,,,,,,,,,,,{},,0|i00027:9,,,,,10029,KAN-30,[Negocio] Gestión de servicio,To Do,23/Aug/26 11:08 PM
Desactivar: como suscriptor quiero desactivar u ocultar un servicio sin eliminarlo para que no se muestre en catálogo.,KAN-58,10058,Tarea,Por hacer,KAN,Paginas Web,software,JOSE ANDRES LORENZO SEGURA,62587f849e7380006fb40075,,Medium,,,,MARCO ANTONIO QUIROS CABEZAS,712020:534446d8-6025-4d73-b502-5a4945c157c4,MARCO ANTONIO QUIROS CABEZAS,712020:534446d8-6025-4d73-b502-5a4945c157c4,23/Aug/26 11:08 PM,23/Aug/26 11:08 PM,,,,0,,,MARCO ANTONIO QUIROS CABEZAS,,712020:534446d8-6025-4d73-b502-5a4945c157c4,,,,,,,,,,,,{},,0|i00027:i,,,,,10029,KAN-30,[Negocio] Gestión de servicio,To Do,23/Aug/26 11:08 PM
Activar: como suscriptor quiero activar servicios ya sean nuevos o desactivados. ,KAN-57,10057,Tarea,Por hacer,KAN,Paginas Web,software,JOSE ANDRES LORENZO SEGURA,62587f849e7380006fb40075,,Medium,,,,MARCO ANTONIO QUIROS CABEZAS,712020:534446d8-6025-4d73-b502-5a4945c157c4,MARCO ANTONIO QUIROS CABEZAS,712020:534446d8-6025-4d73-b502-5a4945c157c4,23/Aug/26 11:08 PM,23/Aug/26 11:08 PM,,,,0,,,MARCO ANTONIO QUIROS CABEZAS,,712020:534446d8-6025-4d73-b502-5a4945c157c4,,,,,,,,,,,,{},,0|i00028:,,,,,10029,KAN-30,[Negocio] Gestión de servicio,To Do,23/Aug/26 11:08 PM
Modificar: como suscriptor quiero editar un servicio existente.,KAN-56,10056,Tarea,Por hacer,KAN,Paginas Web,software,JOSE ANDRES LORENZO SEGURA,62587f849e7380006fb40075,,Medium,,,,MARCO ANTONIO QUIROS CABEZAS,712020:534446d8-6025-4d73-b502-5a4945c157c4,MARCO ANTONIO QUIROS CABEZAS,712020:534446d8-6025-4d73-b502-5a4945c157c4,23/Aug/26 11:08 PM,26/Sep/26 6:29 PM,,,,0,,,MARCO ANTONIO QUIROS CABEZAS,,712020:534446d8-6025-4d73-b502-5a4945c157c4,,,,,,,,,,,,{},,0|i00029:,,,,,10029,KAN-30,[Negocio] Gestión de servicio,To Do,23/Aug/26 11:08 PM
consultar/filtrar: como suscriptor quiero visualizar los servicios ya existentes para encontrar información rápidamente.,KAN-55,10055,Tarea,Por hacer,KAN,Paginas Web,software,JOSE ANDRES LORENZO SEGURA,62587f849e7380006fb40075,,Medium,,,,MARCO ANTONIO QUIROS CABEZAS,712020:534446d8-6025-4d73-b502-5a4945c157c4,MARCO ANTONIO QUIROS CABEZAS,712020:534446d8-6025-4d73-b502-5a4945c157c4,23/Aug/26 11:07 PM,23/Aug/26 11:07 PM,,,,0,,,MARCO ANTONIO QUIROS CABEZAS,,712020:534446d8-6025-4d73-b502-5a4945c157c4,,,,,,,,,,,,{},,0|i0002b:,,,,,10029,KAN-30,[Negocio] Gestión de servicio,To Do,23/Aug/26 11:07 PM
"Crear: como suscriptor quiero crear un servicio con lo siguiente: nombre, descripción, precio,  duración aproximada (imagen) y poder agregar más características para ofrecerlo a mis clientes.",KAN-54,10054,Tarea,Por hacer,KAN,Paginas Web,software,JOSE ANDRES LORENZO SEGURA,62587f849e7380006fb40075,,Medium,,,,MARCO ANTONIO QUIROS CABEZAS,712020:534446d8-6025-4d73-b502-5a4945c157c4,MARCO ANTONIO QUIROS CABEZAS,712020:534446d8-6025-4d73-b502-5a4945c157c4,23/Aug/26 11:07 PM,23/Aug/26 11:07 PM,,,,0,,,MARCO ANTONIO QUIROS CABEZAS,,712020:534446d8-6025-4d73-b502-5a4945c157c4,,,,,,,,,,,,{},,0|i0002f:,,,,,10029,KAN-30,[Negocio] Gestión de servicio,To Do,23/Aug/26 11:07 PM
"Como suscriptor quiero visualizar mi agenda en vista semanal o diaria, filtrar por colaborador, viendo en un mismo calendario tanto días bloqueados como las reservas reales. ",KAN-67,10067,Tarea,Por hacer,KAN,Paginas Web,software,JOSE ANDRES LORENZO SEGURA,62587f849e7380006fb40075,,Medium,,,,MARCO ANTONIO QUIROS CABEZAS,712020:534446d8-6025-4d73-b502-5a4945c157c4,MARCO ANTONIO QUIROS CABEZAS,712020:534446d8-6025-4d73-b502-5a4945c157c4,23/Aug/26 11:10 PM,23/Aug/26 11:10 PM,,,,0,,,MARCO ANTONIO QUIROS CABEZAS,,712020:534446d8-6025-4d73-b502-5a4945c157c4,,,,,,,,,,,,{},,0|i0002g:,,,,,10063,KAN-63,[Negocio] Gestión Agenda y Reservas,To Do,23/Aug/26 11:10 PM
Como suscriptor quiero consultar mi historial de reservas pasadas con filtros para manejar una trazabilidad de cómo opero mi negocio.,KAN-76,10076,Tarea,Por hacer,KAN,Paginas Web,software,JOSE ANDRES LORENZO SEGURA,62587f849e7380006fb40075,,Medium,,,,MARCO ANTONIO QUIROS CABEZAS,712020:534446d8-6025-4d73-b502-5a4945c157c4,MARCO ANTONIO QUIROS CABEZAS,712020:534446d8-6025-4d73-b502-5a4945c157c4,23/Aug/26 11:11 PM,23/Aug/26 11:11 PM,,,,0,,,MARCO ANTONIO QUIROS CABEZAS,,712020:534446d8-6025-4d73-b502-5a4945c157c4,,,,,,,,,,,,{},,0|i0002g:02,,,,,10063,KAN-63,[Negocio] Gestión Agenda y Reservas,To Do,23/Aug/26 11:11 PM
"Consultar: como suscriptor quiero visualizar el listado de reservas, que esté paginado para navegar más cómodamente. ",KAN-75,10075,Tarea,Por hacer,KAN,Paginas Web,software,JOSE ANDRES LORENZO SEGURA,62587f849e7380006fb40075,,Medium,,,,MARCO ANTONIO QUIROS CABEZAS,712020:534446d8-6025-4d73-b502-5a4945c157c4,MARCO ANTONIO QUIROS CABEZAS,712020:534446d8-6025-4d73-b502-5a4945c157c4,23/Aug/26 11:11 PM,23/Aug/26 11:11 PM,,,,0,,,MARCO ANTONIO QUIROS CABEZAS,,712020:534446d8-6025-4d73-b502-5a4945c157c4,,,,,,,,,,,,{},,0|i0002g:04,,,,,10063,KAN-63,[Negocio] Gestión Agenda y Reservas,To Do,23/Aug/26 11:11 PM
"Como suscriptor quiero marcar una reserva como “no se presentó” o “no show” cuando el cliente no se presentó, esto para diferenciarla de una cancelación de reserva. ",KAN-74,10074,Tarea,Por hacer,KAN,Paginas Web,software,JOSE ANDRES LORENZO SEGURA,62587f849e7380006fb40075,,Medium,,,,MARCO ANTONIO QUIROS CABEZAS,712020:534446d8-6025-4d73-b502-5a4945c157c4,MARCO ANTONIO QUIROS CABEZAS,712020:534446d8-6025-4d73-b502-5a4945c157c4,23/Aug/26 11:11 PM,23/Aug/26 11:11 PM,,,,0,,,MARCO ANTONIO QUIROS CABEZAS,,712020:534446d8-6025-4d73-b502-5a4945c157c4,,,,,,,,,,,,{},,0|i0002g:09,,,,,10063,KAN-63,[Negocio] Gestión Agenda y Reservas,To Do,23/Aug/26 11:11 PM
Como suscriptor quiero marcar una reserva como “completada” para manejar mis métricas de negocio,KAN-73,10073,Tarea,Por hacer,KAN,Paginas Web,software,JOSE ANDRES LORENZO SEGURA,62587f849e7380006fb40075,,Medium,,,,MARCO ANTONIO QUIROS CABEZAS,712020:534446d8-6025-4d73-b502-5a4945c157c4,MARCO ANTONIO QUIROS CABEZAS,712020:534446d8-6025-4d73-b502-5a4945c157c4,23/Aug/26 11:11 PM,23/Aug/26 11:11 PM,,,,0,,,MARCO ANTONIO QUIROS CABEZAS,,712020:534446d8-6025-4d73-b502-5a4945c157c4,,,,,,,,,,,,{},,0|i0002g:0i,,,,,10063,KAN-63,[Negocio] Gestión Agenda y Reservas,To Do,23/Aug/26 11:11 PM
Como suscriptor quiero cancelar una reserva con la opción de registrar si se penaliza o no dejando una nota aclarativa. ,KAN-72,10072,Tarea,Por hacer,KAN,Paginas Web,software,JOSE ANDRES LORENZO SEGURA,62587f849e7380006fb40075,,Medium,,,,MARCO ANTONIO QUIROS CABEZAS,712020:534446d8-6025-4d73-b502-5a4945c157c4,MARCO ANTONIO QUIROS CABEZAS,712020:534446d8-6025-4d73-b502-5a4945c157c4,23/Aug/26 11:10 PM,23/Aug/26 11:10 PM,,,,0,,,MARCO ANTONIO QUIROS CABEZAS,,712020:534446d8-6025-4d73-b502-5a4945c157c4,,,,,,,,,,,,{},,0|i0002g:1,,,,,10063,KAN-63,[Negocio] Gestión Agenda y Reservas,To Do,23/Aug/26 11:10 PM
"Reprogramación: como suscriptor quiero reprogramar una reserva de forma manual, ya sea ajustar fecha y hora o día, dependiendo de la disponibilidad (que no se sobreescriba). ",KAN-71,10071,Tarea,Por hacer,KAN,Paginas Web,software,JOSE ANDRES LORENZO SEGURA,62587f849e7380006fb40075,,Medium,,,,MARCO ANTONIO QUIROS CABEZAS,712020:534446d8-6025-4d73-b502-5a4945c157c4,MARCO ANTONIO QUIROS CABEZAS,712020:534446d8-6025-4d73-b502-5a4945c157c4,23/Aug/26 11:10 PM,26/Sep/26 5:23 PM,,,,0,,,MARCO ANTONIO QUIROS CABEZAS,,712020:534446d8-6025-4d73-b502-5a4945c157c4,,,,,,,,,,,,{},,0|i0002g:2,,,,,10063,KAN-63,[Negocio] Gestión Agenda y Reservas,To Do,23/Aug/26 11:10 PM
Confirmar: como suscriptor quiero definir si las reservas de mi negocio requieren confirmación manual o se confirman automáticamente al crearse.,KAN-70,10070,Tarea,Por hacer,KAN,Paginas Web,software,JOSE ANDRES LORENZO SEGURA,62587f849e7380006fb40075,,Medium,,,,MARCO ANTONIO QUIROS CABEZAS,712020:534446d8-6025-4d73-b502-5a4945c157c4,MARCO ANTONIO QUIROS CABEZAS,712020:534446d8-6025-4d73-b502-5a4945c157c4,23/Aug/26 11:10 PM,26/Sep/26 5:23 PM,,,,0,,,MARCO ANTONIO QUIROS CABEZAS,,712020:534446d8-6025-4d73-b502-5a4945c157c4,,,,,,,,,,,,{},,0|i0002g:4,,,,,10063,KAN-63,[Negocio] Gestión Agenda y Reservas,To Do,23/Aug/26 11:10 PM
"Crear: como suscriptor quiero crear una reserva manualmente (casos especiales, o por llamada, que no se hagan por la página) con las misma validación de espacio que los clientes para evitar doble reserva de forma simultánea ",KAN-69,10069,Tarea,Por hacer,KAN,Paginas Web,software,JOSE ANDRES LORENZO SEGURA,62587f849e7380006fb40075,,Medium,,,,MARCO ANTONIO QUIROS CABEZAS,712020:534446d8-6025-4d73-b502-5a4945c157c4,MARCO ANTONIO QUIROS CABEZAS,712020:534446d8-6025-4d73-b502-5a4945c157c4,23/Aug/26 11:10 PM,26/Sep/26 5:23 PM,,,,0,,,MARCO ANTONIO QUIROS CABEZAS,,712020:534446d8-6025-4d73-b502-5a4945c157c4,,,,,,,,,,,,{},,0|i0002g:9,,,,,10063,KAN-63,[Negocio] Gestión Agenda y Reservas,To Do,23/Aug/26 11:10 PM
Como suscriptor quiero visualizar que colaboradores tienen disponibilidad y cupo lleno para manejar mejor la carga de cada uno.,KAN-68,10068,Tarea,Por hacer,KAN,Paginas Web,software,JOSE ANDRES LORENZO SEGURA,62587f849e7380006fb40075,,Medium,,,,MARCO ANTONIO QUIROS CABEZAS,712020:534446d8-6025-4d73-b502-5a4945c157c4,MARCO ANTONIO QUIROS CABEZAS,712020:534446d8-6025-4d73-b502-5a4945c157c4,23/Aug/26 11:10 PM,23/Aug/26 11:10 PM,,,,0,,,MARCO ANTONIO QUIROS CABEZAS,,712020:534446d8-6025-4d73-b502-5a4945c157c4,,,,,,,,,,,,{},,0|i0002g:i,,,,,10063,KAN-63,[Negocio] Gestión Agenda y Reservas,To Do,23/Aug/26 11:10 PM
"Como suscriptor quiero bloquear días completos como feriados por ejemplo, o por ausencia de colaboradores, vacaciones incapacidad etc.",KAN-66,10066,Tarea,Por hacer,KAN,Paginas Web,software,JOSE ANDRES LORENZO SEGURA,62587f849e7380006fb40075,,Medium,,,,MARCO ANTONIO QUIROS CABEZAS,712020:534446d8-6025-4d73-b502-5a4945c157c4,MARCO ANTONIO QUIROS CABEZAS,712020:534446d8-6025-4d73-b502-5a4945c157c4,23/Aug/26 11:10 PM,23/Aug/26 11:10 PM,,,,0,,,MARCO ANTONIO QUIROS CABEZAS,,712020:534446d8-6025-4d73-b502-5a4945c157c4,,,,,,,,,,,,{},,0|i0002h:,,,,,10063,KAN-63,[Negocio] Gestión Agenda y Reservas,To Do,23/Aug/26 11:10 PM
"Como suscriptor quiero bloquear los tiempos de agenda, ya sea de descanso o por alguna razón particular, a nivel de negocio. (Hora almuerzo, o si por alguna razón no hay colaboradores en la mañana)",KAN-65,10065,Tarea,Por hacer,KAN,Paginas Web,software,JOSE ANDRES LORENZO SEGURA,62587f849e7380006fb40075,,Medium,,,,MARCO ANTONIO QUIROS CABEZAS,712020:534446d8-6025-4d73-b502-5a4945c157c4,MARCO ANTONIO QUIROS CABEZAS,712020:534446d8-6025-4d73-b502-5a4945c157c4,23/Aug/26 11:09 PM,23/Aug/26 11:09 PM,,,,0,,,MARCO ANTONIO QUIROS CABEZAS,,712020:534446d8-6025-4d73-b502-5a4945c157c4,,,,,,,,,,,,{},,0|i0002j:,,,,,10063,KAN-63,[Negocio] Gestión Agenda y Reservas,To Do,23/Aug/26 11:09 PM
Como suscriptor quiero configurar el horario de atención general de mi negocio para que los clientes solo vean horarios válidos.,KAN-64,10064,Tarea,Por hacer,KAN,Paginas Web,software,JOSE ANDRES LORENZO SEGURA,62587f849e7380006fb40075,,Medium,,,,MARCO ANTONIO QUIROS CABEZAS,712020:534446d8-6025-4d73-b502-5a4945c157c4,MARCO ANTONIO QUIROS CABEZAS,712020:534446d8-6025-4d73-b502-5a4945c157c4,23/Aug/26 11:09 PM,23/Aug/26 11:09 PM,,,,0,,,MARCO ANTONIO QUIROS CABEZAS,,712020:534446d8-6025-4d73-b502-5a4945c157c4,,,,,,,,,,,,{},,0|i0002n:,,,,,10063,KAN-63,[Negocio] Gestión Agenda y Reservas,To Do,23/Aug/26 11:09 PM
Permisos/Roles: como suscriptor quiero definir qué puede hacer y que no cada colaborador en el panel. ,KAN-86,10086,Tarea,Por hacer,KAN,Paginas Web,software,JOSE ANDRES LORENZO SEGURA,62587f849e7380006fb40075,,Medium,,,,MARCO ANTONIO QUIROS CABEZAS,712020:534446d8-6025-4d73-b502-5a4945c157c4,MARCO ANTONIO QUIROS CABEZAS,712020:534446d8-6025-4d73-b502-5a4945c157c4,23/Aug/26 11:12 PM,23/Aug/26 11:12 PM,,,,0,,,MARCO ANTONIO QUIROS CABEZAS,,712020:534446d8-6025-4d73-b502-5a4945c157c4,,,,,,,,,,,,{},,0|i0002n:1,,,,,10077,KAN-77,[Negocio] Gestión Colaboradores,To Do,23/Aug/26 11:12 PM
"Como suscriptor quiero que al intentar crear un colaborador nuevo, si se excede el límite el sistema me avise y me ofrezca hacer upgrade de mi plan. ",KAN-85,10085,Tarea,Por hacer,KAN,Paginas Web,software,JOSE ANDRES LORENZO SEGURA,62587f849e7380006fb40075,,Medium,,,,MARCO ANTONIO QUIROS CABEZAS,712020:534446d8-6025-4d73-b502-5a4945c157c4,MARCO ANTONIO QUIROS CABEZAS,712020:534446d8-6025-4d73-b502-5a4945c157c4,23/Aug/26 11:12 PM,23/Aug/26 11:12 PM,,,,0,,,MARCO ANTONIO QUIROS CABEZAS,,712020:534446d8-6025-4d73-b502-5a4945c157c4,,,,,,,,,,,,{},,0|i0002n:2,,,,,10077,KAN-77,[Negocio] Gestión Colaboradores,To Do,23/Aug/26 11:12 PM
Como suscriptor quiero reenviar el correo de verificación o restablecimiento de contraseña a un colaborador. ,KAN-84,10084,Tarea,Por hacer,KAN,Paginas Web,software,JOSE ANDRES LORENZO SEGURA,62587f849e7380006fb40075,,Medium,,,,MARCO ANTONIO QUIROS CABEZAS,712020:534446d8-6025-4d73-b502-5a4945c157c4,MARCO ANTONIO QUIROS CABEZAS,712020:534446d8-6025-4d73-b502-5a4945c157c4,23/Aug/26 11:12 PM,23/Aug/26 11:12 PM,,,,0,,,MARCO ANTONIO QUIROS CABEZAS,,712020:534446d8-6025-4d73-b502-5a4945c157c4,,,,,,,,,,,,{},,0|i0002n:4,,,,,10077,KAN-77,[Negocio] Gestión Colaboradores,To Do,23/Aug/26 11:12 PM
Consultar: como suscriptor quiero ver el listado de colaboradores y filtrar  su estado activo/inactivo y paginado con su perfil de forma paginada(backend). ,KAN-83,10083,Tarea,Por hacer,KAN,Paginas Web,software,JOSE ANDRES LORENZO SEGURA,62587f849e7380006fb40075,,Medium,,,,MARCO ANTONIO QUIROS CABEZAS,712020:534446d8-6025-4d73-b502-5a4945c157c4,MARCO ANTONIO QUIROS CABEZAS,712020:534446d8-6025-4d73-b502-5a4945c157c4,23/Aug/26 11:12 PM,23/Aug/26 11:12 PM,,,,0,,,MARCO ANTONIO QUIROS CABEZAS,,712020:534446d8-6025-4d73-b502-5a4945c157c4,,,,,,,,,,,,{},,0|i0002n:9,,,,,10077,KAN-77,[Negocio] Gestión Colaboradores,To Do,23/Aug/26 11:12 PM
Reactivar: como suscriptor quiero reactivar un colaborador previamente desactivado. ,KAN-82,10082,Tarea,Por hacer,KAN,Paginas Web,software,JOSE ANDRES LORENZO SEGURA,62587f849e7380006fb40075,,Medium,,,,MARCO ANTONIO QUIROS CABEZAS,712020:534446d8-6025-4d73-b502-5a4945c157c4,MARCO ANTONIO QUIROS CABEZAS,712020:534446d8-6025-4d73-b502-5a4945c157c4,23/Aug/26 11:12 PM,23/Aug/26 11:12 PM,,,,0,,,MARCO ANTONIO QUIROS CABEZAS,,712020:534446d8-6025-4d73-b502-5a4945c157c4,,,,,,,,,,,,{},,0|i0002n:i,,,,,10077,KAN-77,[Negocio] Gestión Colaboradores,To Do,23/Aug/26 11:12 PM
Desactivar: como suscriptor quiero desactivar un colaborador para gestionar bajas temporales o indefinidas. ,KAN-81,10081,Tarea,Por hacer,KAN,Paginas Web,software,JOSE ANDRES LORENZO SEGURA,62587f849e7380006fb40075,,Medium,,,,MARCO ANTONIO QUIROS CABEZAS,712020:534446d8-6025-4d73-b502-5a4945c157c4,MARCO ANTONIO QUIROS CABEZAS,712020:534446d8-6025-4d73-b502-5a4945c157c4,23/Aug/26 11:12 PM,23/Aug/26 11:12 PM,,,,0,,,MARCO ANTONIO QUIROS CABEZAS,,712020:534446d8-6025-4d73-b502-5a4945c157c4,,,,,,,,,,,,{},,0|i0002o:,,,,,10077,KAN-77,[Negocio] Gestión Colaboradores,To Do,23/Aug/26 11:12 PM
Modificar: como suscriptor quiero editar los datos de los colaboradores existentes para actualizar su información.,KAN-80,10080,Tarea,Por hacer,KAN,Paginas Web,software,JOSE ANDRES LORENZO SEGURA,62587f849e7380006fb40075,,Medium,,,,MARCO ANTONIO QUIROS CABEZAS,712020:534446d8-6025-4d73-b502-5a4945c157c4,MARCO ANTONIO QUIROS CABEZAS,712020:534446d8-6025-4d73-b502-5a4945c157c4,23/Aug/26 11:12 PM,23/Aug/26 11:12 PM,,,,0,,,MARCO ANTONIO QUIROS CABEZAS,,712020:534446d8-6025-4d73-b502-5a4945c157c4,,,,,,,,,,,,{},,0|i0002p:,,,,,10077,KAN-77,[Negocio] Gestión Colaboradores,To Do,23/Aug/26 11:12 PM
Como suscriptor quiero que el sistema envíe una invitación por correo al colaborador para que active su propia cuenta y contraseña.,KAN-79,10079,Tarea,Por hacer,KAN,Paginas Web,software,JOSE ANDRES LORENZO SEGURA,62587f849e7380006fb40075,,Medium,,,,MARCO ANTONIO QUIROS CABEZAS,712020:534446d8-6025-4d73-b502-5a4945c157c4,MARCO ANTONIO QUIROS CABEZAS,712020:534446d8-6025-4d73-b502-5a4945c157c4,23/Aug/26 11:11 PM,23/Aug/26 11:11 PM,,,,0,,,MARCO ANTONIO QUIROS CABEZAS,,712020:534446d8-6025-4d73-b502-5a4945c157c4,,,,,,,,,,,,{},,0|i0002r:,,,,,10077,KAN-77,[Negocio] Gestión Colaboradores,To Do,23/Aug/26 11:11 PM
"Registrar: como suscriptor quiero registrar un nuevo colaborador indicando: nombre, correo, rol/permiso y los servicios que pueda atender. ",KAN-78,10078,Tarea,Por hacer,KAN,Paginas Web,software,JOSE ANDRES LORENZO SEGURA,62587f849e7380006fb40075,,Medium,,,,MARCO ANTONIO QUIROS CABEZAS,712020:534446d8-6025-4d73-b502-5a4945c157c4,MARCO ANTONIO QUIROS CABEZAS,712020:534446d8-6025-4d73-b502-5a4945c157c4,23/Aug/26 11:11 PM,23/Aug/26 11:11 PM,,,,0,,,MARCO ANTONIO QUIROS CABEZAS,,712020:534446d8-6025-4d73-b502-5a4945c157c4,,,,,,,,,,,,{},,0|i0002v:,,,,,10077,KAN-77,[Negocio] Gestión Colaboradores,To Do,23/Aug/26 11:11 PM
"Como suscriptor quiero eliminar o anonimizar la información que mi negocio tiene sobre un cliente registrado cuando lo solicite, sin que esto afecte su cuenta en la plataforma ni su relación con otros negocios. ",KAN-98,10099,Tarea,Por hacer,KAN,Paginas Web,software,JOSE ANDRES LORENZO SEGURA,62587f849e7380006fb40075,,Medium,,,,MARCO ANTONIO QUIROS CABEZAS,712020:534446d8-6025-4d73-b502-5a4945c157c4,MARCO ANTONIO QUIROS CABEZAS,712020:534446d8-6025-4d73-b502-5a4945c157c4,23/Aug/26 11:17 PM,23/Aug/26 11:17 PM,,,,0,,,MARCO ANTONIO QUIROS CABEZAS,,712020:534446d8-6025-4d73-b502-5a4945c157c4,,,,,,,,,,,,{},,0|i0002v:0i,,,,,10087,KAN-87,[Negocio] Gestión Clientes,To Do,23/Aug/26 11:17 PM
"Como suscriptor quiero invitar a un cliente a completar su registro formal, enviándole un enlace de registro, para que en el futuro gestione sus propias reservas. ",KAN-97,10098,Tarea,Por hacer,KAN,Paginas Web,software,JOSE ANDRES LORENZO SEGURA,62587f849e7380006fb40075,,Medium,,,,MARCO ANTONIO QUIROS CABEZAS,712020:534446d8-6025-4d73-b502-5a4945c157c4,MARCO ANTONIO QUIROS CABEZAS,712020:534446d8-6025-4d73-b502-5a4945c157c4,23/Aug/26 11:14 PM,23/Aug/26 11:14 PM,,,,0,,,MARCO ANTONIO QUIROS CABEZAS,,712020:534446d8-6025-4d73-b502-5a4945c157c4,,,,,,,,,,,,{},,0|i0002v:1,,,,,10087,KAN-87,[Negocio] Gestión Clientes,To Do,23/Aug/26 11:14 PM
Como suscriptor quiero eliminar por completo un registro de cliente que no tenga reservas asociadas o se haya creado por error. ,KAN-95,10095,Tarea,Por hacer,KAN,Paginas Web,software,JOSE ANDRES LORENZO SEGURA,62587f849e7380006fb40075,,Medium,,,,MARCO ANTONIO QUIROS CABEZAS,712020:534446d8-6025-4d73-b502-5a4945c157c4,MARCO ANTONIO QUIROS CABEZAS,712020:534446d8-6025-4d73-b502-5a4945c157c4,23/Aug/26 11:14 PM,23/Aug/26 11:14 PM,,,,0,,,MARCO ANTONIO QUIROS CABEZAS,,712020:534446d8-6025-4d73-b502-5a4945c157c4,,,,,,,,,,,,{},,0|i0002v:2,,,,,10087,KAN-87,[Negocio] Gestión Clientes,To Do,23/Aug/26 11:14 PM
"Como suscriptor quiero desbloquear a un cliente previamente bloqueado, dejando también una breve nota del motivo del desbloqueo.",KAN-94,10094,Tarea,Por hacer,KAN,Paginas Web,software,JOSE ANDRES LORENZO SEGURA,62587f849e7380006fb40075,,Medium,,,,MARCO ANTONIO QUIROS CABEZAS,712020:534446d8-6025-4d73-b502-5a4945c157c4,MARCO ANTONIO QUIROS CABEZAS,712020:534446d8-6025-4d73-b502-5a4945c157c4,23/Aug/26 11:14 PM,23/Aug/26 11:14 PM,,,,0,,,MARCO ANTONIO QUIROS CABEZAS,,712020:534446d8-6025-4d73-b502-5a4945c157c4,,,,,,,,,,,,{},,0|i0002v:4,,,,,10087,KAN-87,[Negocio] Gestión Clientes,To Do,23/Aug/26 11:14 PM
"Como suscriptor quiero bloquear a un cliente para impedir que realice nuevas reservas únicamente con mi negocio (el bloqueo no afecta su cuenta ni su relación con otros negocios de la plataforma), indicando obligatoriamente un motivo interno. ",KAN-93,10093,Tarea,Por hacer,KAN,Paginas Web,software,JOSE ANDRES LORENZO SEGURA,62587f849e7380006fb40075,,Medium,,,,MARCO ANTONIO QUIROS CABEZAS,712020:534446d8-6025-4d73-b502-5a4945c157c4,MARCO ANTONIO QUIROS CABEZAS,712020:534446d8-6025-4d73-b502-5a4945c157c4,23/Aug/26 11:13 PM,23/Aug/26 11:13 PM,,,,0,,,MARCO ANTONIO QUIROS CABEZAS,,712020:534446d8-6025-4d73-b502-5a4945c157c4,,,,,,,,,,,,{},,0|i0002v:9,,,,,10087,KAN-87,[Negocio] Gestión Clientes,To Do,23/Aug/26 11:13 PM
"Como suscriptor quiero añadir notas internas privadas sobre un cliente, visibles solo para mi negocio. ",KAN-92,10092,Tarea,Por hacer,KAN,Paginas Web,software,JOSE ANDRES LORENZO SEGURA,62587f849e7380006fb40075,,Medium,,,,MARCO ANTONIO QUIROS CABEZAS,712020:534446d8-6025-4d73-b502-5a4945c157c4,MARCO ANTONIO QUIROS CABEZAS,712020:534446d8-6025-4d73-b502-5a4945c157c4,23/Aug/26 11:13 PM,23/Aug/26 11:13 PM,,,,0,,,MARCO ANTONIO QUIROS CABEZAS,,712020:534446d8-6025-4d73-b502-5a4945c157c4,,,,,,,,,,,,{},,0|i0002v:i,,,,,10087,KAN-87,[Negocio] Gestión Clientes,To Do,23/Aug/26 11:13 PM
"Como suscriptor quiero poder editar los datos básicos (nombre, teléfono, correo) de un cliente; si el cliente ya tiene una cuenta registrada en la plataforma.",KAN-91,10091,Tarea,Por hacer,KAN,Paginas Web,software,JOSE ANDRES LORENZO SEGURA,62587f849e7380006fb40075,,Medium,,,,MARCO ANTONIO QUIROS CABEZAS,712020:534446d8-6025-4d73-b502-5a4945c157c4,MARCO ANTONIO QUIROS CABEZAS,712020:534446d8-6025-4d73-b502-5a4945c157c4,23/Aug/26 11:13 PM,23/Aug/26 11:13 PM,,,,0,,,MARCO ANTONIO QUIROS CABEZAS,,712020:534446d8-6025-4d73-b502-5a4945c157c4,,,,,,,,,,,,{},,0|i0002w:,,,,,10087,KAN-87,[Negocio] Gestión Clientes,To Do,23/Aug/26 11:13 PM
"Como suscriptor quiero consultar el perfil completo de un cliente, incluyendo su historial de reservas conmigo y métricas clave (total de citas, cancelaciones, no-shows, fecha de última visita). ",KAN-90,10090,Tarea,Por hacer,KAN,Paginas Web,software,JOSE ANDRES LORENZO SEGURA,62587f849e7380006fb40075,,Medium,,,,MARCO ANTONIO QUIROS CABEZAS,712020:534446d8-6025-4d73-b502-5a4945c157c4,MARCO ANTONIO QUIROS CABEZAS,712020:534446d8-6025-4d73-b502-5a4945c157c4,23/Aug/26 11:13 PM,23/Aug/26 11:13 PM,,,,0,,,MARCO ANTONIO QUIROS CABEZAS,,712020:534446d8-6025-4d73-b502-5a4945c157c4,,,,,,,,,,,,{},,0|i0002x:,,,,,10087,KAN-87,[Negocio] Gestión Clientes,To Do,23/Aug/26 11:13 PM
"Como suscriptor quiero ver el listado de clientes que han usado mis servicios, paginado y con opciones de búsqueda y filtro (por nombre, correo, teléfono o estado activo/bloqueado), para encontrar rápidamente cualquier registro.",KAN-89,10089,Tarea,Por hacer,KAN,Paginas Web,software,JOSE ANDRES LORENZO SEGURA,62587f849e7380006fb40075,,Medium,,,,MARCO ANTONIO QUIROS CABEZAS,712020:534446d8-6025-4d73-b502-5a4945c157c4,MARCO ANTONIO QUIROS CABEZAS,712020:534446d8-6025-4d73-b502-5a4945c157c4,23/Aug/26 11:13 PM,23/Aug/26 11:13 PM,,,,0,,,MARCO ANTONIO QUIROS CABEZAS,,712020:534446d8-6025-4d73-b502-5a4945c157c4,,,,,,,,,,,,{},,0|i0002z:,,,,,10087,KAN-87,[Negocio] Gestión Clientes,To Do,23/Aug/26 11:13 PM
"Como suscriptor quiero registrar un cliente con datos mínimos (nombre y teléfono, sin necesidad de que tenga cuenta),agregándole directamente.",KAN-88,10088,Tarea,Por hacer,KAN,Paginas Web,software,JOSE ANDRES LORENZO SEGURA,62587f849e7380006fb40075,,Medium,,,,MARCO ANTONIO QUIROS CABEZAS,712020:534446d8-6025-4d73-b502-5a4945c157c4,MARCO ANTONIO QUIROS CABEZAS,712020:534446d8-6025-4d73-b502-5a4945c157c4,23/Aug/26 11:13 PM,23/Aug/26 11:13 PM,,,,0,,,MARCO ANTONIO QUIROS CABEZAS,,712020:534446d8-6025-4d73-b502-5a4945c157c4,,,,,,,,,,,,{},,0|i00033:,,,,,10087,KAN-87,[Negocio] Gestión Clientes,To Do,23/Aug/26 11:13 PM
"como suscriptor quiero configurar mis propias alertas internas  (nueva reserva, cancelación de un cliente, suscripcion por vencer, etc)",KAN-101,10102,Tarea,Por hacer,KAN,Paginas Web,software,JOSE ANDRES LORENZO SEGURA,62587f849e7380006fb40075,,Medium,,,,MARCO ANTONIO QUIROS CABEZAS,712020:534446d8-6025-4d73-b502-5a4945c157c4,MARCO ANTONIO QUIROS CABEZAS,712020:534446d8-6025-4d73-b502-5a4945c157c4,23/Aug/26 11:18 PM,26/Sep/26 6:27 PM,,,,0,,,MARCO ANTONIO QUIROS CABEZAS,,712020:534446d8-6025-4d73-b502-5a4945c157c4,,,,,,,,,,,,{},,0|i00037:,,,,,10100,KAN-99,[Negocio] Configuración de notificaciones,To Do,23/Aug/26 11:18 PM
"configurar: como suscriptor quiero configurar cómo y cuándo se envían los recordatorios de reservas a mis clientes, si el cliente habilitó el recordatorio.",KAN-100,10101,Tarea,Por hacer,KAN,Paginas Web,software,JOSE ANDRES LORENZO SEGURA,62587f849e7380006fb40075,,Medium,,,,MARCO ANTONIO QUIROS CABEZAS,712020:534446d8-6025-4d73-b502-5a4945c157c4,MARCO ANTONIO QUIROS CABEZAS,712020:534446d8-6025-4d73-b502-5a4945c157c4,23/Aug/26 11:18 PM,23/Aug/26 11:18 PM,,,,0,,,MARCO ANTONIO QUIROS CABEZAS,,712020:534446d8-6025-4d73-b502-5a4945c157c4,,,,,,,,,,,,{},,0|i0003b:,,,,,10100,KAN-99,[Negocio] Configuración de notificaciones,To Do,23/Aug/26 11:18 PM
exportar: como suscriptor quiero exportar los datos de los reportes en un csv/excel para analizar o respaldar. ,KAN-106,10107,Tarea,Por hacer,KAN,Paginas Web,software,JOSE ANDRES LORENZO SEGURA,62587f849e7380006fb40075,,Medium,,,,MARCO ANTONIO QUIROS CABEZAS,712020:534446d8-6025-4d73-b502-5a4945c157c4,MARCO ANTONIO QUIROS CABEZAS,712020:534446d8-6025-4d73-b502-5a4945c157c4,23/Aug/26 11:19 PM,26/Sep/26 5:25 PM,,,,0,,,MARCO ANTONIO QUIROS CABEZAS,,712020:534446d8-6025-4d73-b502-5a4945c157c4,,,,,,,,,,,,{},,0|i0003c:,,,,,10103,KAN-102,[Negocio] Reportes,To Do,23/Aug/26 11:19 PM
colaborador: como suscriptor quiero ver la ocupación de un colaborador para evaluar la magnitud de su carga o rendimiento ,KAN-105,10106,Tarea,Por hacer,KAN,Paginas Web,software,JOSE ANDRES LORENZO SEGURA,62587f849e7380006fb40075,,Medium,,,,MARCO ANTONIO QUIROS CABEZAS,712020:534446d8-6025-4d73-b502-5a4945c157c4,MARCO ANTONIO QUIROS CABEZAS,712020:534446d8-6025-4d73-b502-5a4945c157c4,23/Aug/26 11:19 PM,26/Sep/26 5:25 PM,,,,0,,,MARCO ANTONIO QUIROS CABEZAS,,712020:534446d8-6025-4d73-b502-5a4945c157c4,,,,,,,,,,,,{},,0|i0003d:,,,,,10103,KAN-102,[Negocio] Reportes,To Do,23/Aug/26 11:19 PM
"reservas: como suscriptor quiero ver un reporte de reservas por estado (confirmadas, completadas, canceladas, no-show) en un rango de fechas.",KAN-104,10105,Tarea,Por hacer,KAN,Paginas Web,software,JOSE ANDRES LORENZO SEGURA,62587f849e7380006fb40075,,Medium,,,,MARCO ANTONIO QUIROS CABEZAS,712020:534446d8-6025-4d73-b502-5a4945c157c4,MARCO ANTONIO QUIROS CABEZAS,712020:534446d8-6025-4d73-b502-5a4945c157c4,23/Aug/26 11:19 PM,23/Aug/26 11:19 PM,,,,0,,,MARCO ANTONIO QUIROS CABEZAS,,712020:534446d8-6025-4d73-b502-5a4945c157c4,,,,,,,,,,,,{},,0|i0003f:,,,,,10103,KAN-102,[Negocio] Reportes,To Do,23/Aug/26 11:19 PM
"financiero: como suscriptor quiero ver un reporte financiero estimado, filtrable por fecha, servicio y colaborador, sabiendo que se basa en el precio de reservas completadas y no en cobros reales verificados. ",KAN-103,10104,Tarea,Por hacer,KAN,Paginas Web,software,JOSE ANDRES LORENZO SEGURA,62587f849e7380006fb40075,,Medium,,,,MARCO ANTONIO QUIROS CABEZAS,712020:534446d8-6025-4d73-b502-5a4945c157c4,MARCO ANTONIO QUIROS CABEZAS,712020:534446d8-6025-4d73-b502-5a4945c157c4,23/Aug/26 11:19 PM,23/Aug/26 11:19 PM,,,,0,,,MARCO ANTONIO QUIROS CABEZAS,,712020:534446d8-6025-4d73-b502-5a4945c157c4,,,,,,,,,,,,{},,0|i0003j:,,,,,10103,KAN-102,[Negocio] Reportes,To Do,23/Aug/26 11:19 PM
Como cliente quiero iniciar o cerrar sesión desde la navegación principal según corresponda.,KAN-110,10111,Tarea,Por hacer,KAN,Paginas Web,software,JOSE ANDRES LORENZO SEGURA,62587f849e7380006fb40075,,Medium,,,,CRISTIAN ALONSO ROJAS ALFARO,712020:10d48efb-6240-4d70-8b06-f9a54e505f50,CRISTIAN ALONSO ROJAS ALFARO,712020:10d48efb-6240-4d70-8b06-f9a54e505f50,23/Aug/26 11:28 PM,23/Aug/26 11:28 PM,,,,0,,,CRISTIAN ALONSO ROJAS ALFARO,,712020:10d48efb-6240-4d70-8b06-f9a54e505f50,,,,,,,,,,,,{},,0|i0003k:,,,,,10097,KAN-96,[Cliente] Navbar,To Do,23/Aug/26 11:28 PM
Como cliente quiero acceder a mi perfil para consultar o modificar la información de mi cuenta.,KAN-109,10110,Tarea,Por hacer,KAN,Paginas Web,software,JOSE ANDRES LORENZO SEGURA,62587f849e7380006fb40075,,Medium,,,,CRISTIAN ALONSO ROJAS ALFARO,712020:10d48efb-6240-4d70-8b06-f9a54e505f50,CRISTIAN ALONSO ROJAS ALFARO,712020:10d48efb-6240-4d70-8b06-f9a54e505f50,23/Aug/26 11:28 PM,23/Aug/26 11:28 PM,,,,0,,,CRISTIAN ALONSO ROJAS ALFARO,,712020:10d48efb-6240-4d70-8b06-f9a54e505f50,,,,,,,,,,,,{},,0|i0003l:,,,,,10097,KAN-96,[Cliente] Navbar,To Do,23/Aug/26 11:28 PM
Como cliente quiero acceder a mis reservaciones para consultar y gestionar mis citas. ,KAN-108,10109,Tarea,Por hacer,KAN,Paginas Web,software,JOSE ANDRES LORENZO SEGURA,62587f849e7380006fb40075,,Medium,,,,CRISTIAN ALONSO ROJAS ALFARO,712020:10d48efb-6240-4d70-8b06-f9a54e505f50,CRISTIAN ALONSO ROJAS ALFARO,712020:10d48efb-6240-4d70-8b06-f9a54e505f50,23/Aug/26 11:27 PM,23/Aug/26 11:28 PM,,,,0,,,CRISTIAN ALONSO ROJAS ALFARO,,712020:10d48efb-6240-4d70-8b06-f9a54e505f50,,,,,,,,,,,,{},,0|i0003n:,,,,,10097,KAN-96,[Cliente] Navbar,To Do,23/Aug/26 11:28 PM
Como visitante quiero visualizar el nombre y logo del negocio para identificar el establecimiento en el que estoy realizando la reservación.,KAN-107,10108,Tarea,Por hacer,KAN,Paginas Web,software,JOSE ANDRES LORENZO SEGURA,62587f849e7380006fb40075,,Medium,,,,CRISTIAN ALONSO ROJAS ALFARO,712020:10d48efb-6240-4d70-8b06-f9a54e505f50,CRISTIAN ALONSO ROJAS ALFARO,712020:10d48efb-6240-4d70-8b06-f9a54e505f50,23/Aug/26 11:22 PM,26/Sep/26 5:25 PM,,,,0,,,CRISTIAN ALONSO ROJAS ALFARO,,712020:10d48efb-6240-4d70-8b06-f9a54e505f50,,,,,,,,,,,,{},,0|i0003r:,,,,,10097,KAN-96,[Cliente] Navbar,To Do,23/Aug/26 11:22 PM
Como cliente quiero iniciar el proceso de reservación desde el servicio que deseo recibir.,KAN-116,10117,Tarea,Por hacer,KAN,Paginas Web,software,JOSE ANDRES LORENZO SEGURA,62587f849e7380006fb40075,,Medium,,,,CRISTIAN ALONSO ROJAS ALFARO,712020:10d48efb-6240-4d70-8b06-f9a54e505f50,CRISTIAN ALONSO ROJAS ALFARO,712020:10d48efb-6240-4d70-8b06-f9a54e505f50,23/Aug/26 11:30 PM,23/Aug/26 11:30 PM,,,,0,,,CRISTIAN ALONSO ROJAS ALFARO,,712020:10d48efb-6240-4d70-8b06-f9a54e505f50,,,,,,,,,,,,{},,0|i0003r:i,,,,,10112,KAN-111,[Cliente] Página principal del negocio,To Do,23/Aug/26 11:30 PM
Como visitante quiero visualizar los descuentos o promociones disponibles en los servicios para conocer las ofertas vigentes.,KAN-115,10116,Tarea,Por hacer,KAN,Paginas Web,software,JOSE ANDRES LORENZO SEGURA,62587f849e7380006fb40075,,Medium,,,,CRISTIAN ALONSO ROJAS ALFARO,712020:10d48efb-6240-4d70-8b06-f9a54e505f50,CRISTIAN ALONSO ROJAS ALFARO,712020:10d48efb-6240-4d70-8b06-f9a54e505f50,23/Aug/26 11:30 PM,26/Sep/26 5:25 PM,,,,0,,,CRISTIAN ALONSO ROJAS ALFARO,,712020:10d48efb-6240-4d70-8b06-f9a54e505f50,,,,,,,,,,,,{},,0|i0003s:,,,,,10112,KAN-111,[Cliente] Página principal del negocio,To Do,23/Aug/26 11:30 PM
"Como visitante quiero visualizar los detalles de un servicio, como nombre, descripción, precio y duración, para decidir si deseo reservarlo.",KAN-114,10115,Tarea,Por hacer,KAN,Paginas Web,software,JOSE ANDRES LORENZO SEGURA,62587f849e7380006fb40075,,Medium,,,,CRISTIAN ALONSO ROJAS ALFARO,712020:10d48efb-6240-4d70-8b06-f9a54e505f50,CRISTIAN ALONSO ROJAS ALFARO,712020:10d48efb-6240-4d70-8b06-f9a54e505f50,23/Aug/26 11:30 PM,26/Sep/26 5:26 PM,,,,0,,,CRISTIAN ALONSO ROJAS ALFARO,,712020:10d48efb-6240-4d70-8b06-f9a54e505f50,,,,,,,,,,,,{},,0|i0003t:,,,,,10112,KAN-111,[Cliente] Página principal del negocio,To Do,23/Aug/26 11:30 PM
Como visitante quiero consultar el catálogo de servicios disponibles para elegir el que necesito.,KAN-113,10114,Tarea,Por hacer,KAN,Paginas Web,software,JOSE ANDRES LORENZO SEGURA,62587f849e7380006fb40075,,Medium,,,,CRISTIAN ALONSO ROJAS ALFARO,712020:10d48efb-6240-4d70-8b06-f9a54e505f50,CRISTIAN ALONSO ROJAS ALFARO,712020:10d48efb-6240-4d70-8b06-f9a54e505f50,23/Aug/26 11:30 PM,26/Sep/26 5:26 PM,,,,0,,,CRISTIAN ALONSO ROJAS ALFARO,,712020:10d48efb-6240-4d70-8b06-f9a54e505f50,,,,,,,,,,,,{},,0|i0003v:,,,,,10112,KAN-111,[Cliente] Página principal del negocio,To Do,23/Aug/26 11:30 PM
Como visitante quiero visualizar la información general del negocio para conocer los servicios que ofrece.,KAN-112,10113,Tarea,Por hacer,KAN,Paginas Web,software,JOSE ANDRES LORENZO SEGURA,62587f849e7380006fb40075,,Medium,,,,CRISTIAN ALONSO ROJAS ALFARO,712020:10d48efb-6240-4d70-8b06-f9a54e505f50,CRISTIAN ALONSO ROJAS ALFARO,712020:10d48efb-6240-4d70-8b06-f9a54e505f50,23/Aug/26 11:30 PM,26/Sep/26 5:26 PM,,,,0,,,CRISTIAN ALONSO ROJAS ALFARO,,712020:10d48efb-6240-4d70-8b06-f9a54e505f50,,,,,,,,,,,,{},,0|i0003z:,,,,,10112,KAN-111,[Cliente] Página principal del negocio,To Do,23/Aug/26 11:30 PM
"Como visitante quiero visualizar información básica como teléfono, correo y logo del negocio.",KAN-121,10122,Tarea,Por hacer,KAN,Paginas Web,software,JOSE ANDRES LORENZO SEGURA,62587f849e7380006fb40075,,Medium,,,,CRISTIAN ALONSO ROJAS ALFARO,712020:10d48efb-6240-4d70-8b06-f9a54e505f50,CRISTIAN ALONSO ROJAS ALFARO,712020:10d48efb-6240-4d70-8b06-f9a54e505f50,23/Aug/26 11:31 PM,26/Sep/26 5:26 PM,,,,0,,,CRISTIAN ALONSO ROJAS ALFARO,,712020:10d48efb-6240-4d70-8b06-f9a54e505f50,,,,,,,,,,,,{},,0|i00040:,,,,,10118,KAN-117,[Cliente] Footer del negocio,To Do,23/Aug/26 11:31 PM
Como visitante quiero acceder a las redes sociales del negocio cuando estas se encuentren disponibles.,KAN-120,10121,Tarea,Por hacer,KAN,Paginas Web,software,JOSE ANDRES LORENZO SEGURA,62587f849e7380006fb40075,,Medium,,,,CRISTIAN ALONSO ROJAS ALFARO,712020:10d48efb-6240-4d70-8b06-f9a54e505f50,CRISTIAN ALONSO ROJAS ALFARO,712020:10d48efb-6240-4d70-8b06-f9a54e505f50,23/Aug/26 11:31 PM,26/Sep/26 5:26 PM,,,,0,,,CRISTIAN ALONSO ROJAS ALFARO,,712020:10d48efb-6240-4d70-8b06-f9a54e505f50,,,,,,,,,,,,{},,0|i00041:,,,,,10118,KAN-117,[Cliente] Footer del negocio,To Do,23/Aug/26 11:31 PM
Como visitante quiero acceder a los términos y condiciones relacionados con el uso de la plataforma y las reservaciones.,KAN-119,10120,Tarea,Por hacer,KAN,Paginas Web,software,JOSE ANDRES LORENZO SEGURA,62587f849e7380006fb40075,,Medium,,,,CRISTIAN ALONSO ROJAS ALFARO,712020:10d48efb-6240-4d70-8b06-f9a54e505f50,CRISTIAN ALONSO ROJAS ALFARO,712020:10d48efb-6240-4d70-8b06-f9a54e505f50,23/Aug/26 11:31 PM,26/Sep/26 5:26 PM,,,,0,,,CRISTIAN ALONSO ROJAS ALFARO,,712020:10d48efb-6240-4d70-8b06-f9a54e505f50,,,,,,,,,,,,{},,0|i00043:,,,,,10118,KAN-117,[Cliente] Footer del negocio,To Do,23/Aug/26 11:31 PM
Como visitante quiero visualizar la información de contacto del negocio para poder comunicarme con este cuando sea necesario.,KAN-118,10119,Tarea,Por hacer,KAN,Paginas Web,software,JOSE ANDRES LORENZO SEGURA,62587f849e7380006fb40075,,Medium,,,,CRISTIAN ALONSO ROJAS ALFARO,712020:10d48efb-6240-4d70-8b06-f9a54e505f50,CRISTIAN ALONSO ROJAS ALFARO,712020:10d48efb-6240-4d70-8b06-f9a54e505f50,23/Aug/26 11:31 PM,26/Sep/26 5:26 PM,,,,0,,,CRISTIAN ALONSO ROJAS ALFARO,,712020:10d48efb-6240-4d70-8b06-f9a54e505f50,,,,,,,,,,,,{},,0|i00047:,,,,,10118,KAN-117,[Cliente] Footer del negocio,To Do,23/Aug/26 11:31 PM
Como visitante quiero ser redirigido al inicio de sesión una vez finalizado correctamente mi registro.,KAN-127,10128,Tarea,Por hacer,KAN,Paginas Web,software,JOSE ANDRES LORENZO SEGURA,62587f849e7380006fb40075,,Medium,,,,CRISTIAN ALONSO ROJAS ALFARO,712020:10d48efb-6240-4d70-8b06-f9a54e505f50,CRISTIAN ALONSO ROJAS ALFARO,712020:10d48efb-6240-4d70-8b06-f9a54e505f50,23/Aug/26 11:33 PM,26/Sep/26 5:27 PM,,,,0,,,CRISTIAN ALONSO ROJAS ALFARO,,712020:10d48efb-6240-4d70-8b06-f9a54e505f50,,,,,,,,,,,,{},,0|i00047:i,,,,,10123,KAN-122,[Cliente] Registro del cliente,To Do,23/Aug/26 11:33 PM
Como visitante quiero verificar mi correo electrónico para confirmar que la cuenta registrada me pertenece.,KAN-126,10127,Tarea,Por hacer,KAN,Paginas Web,software,JOSE ANDRES LORENZO SEGURA,62587f849e7380006fb40075,,Medium,,,,CRISTIAN ALONSO ROJAS ALFARO,712020:10d48efb-6240-4d70-8b06-f9a54e505f50,CRISTIAN ALONSO ROJAS ALFARO,712020:10d48efb-6240-4d70-8b06-f9a54e505f50,23/Aug/26 11:33 PM,26/Sep/26 5:27 PM,,,,0,,,CRISTIAN ALONSO ROJAS ALFARO,,712020:10d48efb-6240-4d70-8b06-f9a54e505f50,,,,,,,,,,,,{},,0|i00048:,,,,,10123,KAN-122,[Cliente] Registro del cliente,To Do,23/Aug/26 11:33 PM
Como visitante quiero visualizar u ocultar mi contraseña mientras completo el formulario de registro.,KAN-125,10126,Tarea,Por hacer,KAN,Paginas Web,software,JOSE ANDRES LORENZO SEGURA,62587f849e7380006fb40075,,Medium,,,,CRISTIAN ALONSO ROJAS ALFARO,712020:10d48efb-6240-4d70-8b06-f9a54e505f50,CRISTIAN ALONSO ROJAS ALFARO,712020:10d48efb-6240-4d70-8b06-f9a54e505f50,23/Aug/26 11:32 PM,26/Sep/26 5:27 PM,,,,0,,,CRISTIAN ALONSO ROJAS ALFARO,,712020:10d48efb-6240-4d70-8b06-f9a54e505f50,,,,,,,,,,,,{},,0|i00049:,,,,,10123,KAN-122,[Cliente] Registro del cliente,To Do,23/Aug/26 11:32 PM
Como visitante quiero recibir retroalimentación sobre la seguridad de mi contraseña durante el registro.,KAN-124,10125,Tarea,Por hacer,KAN,Paginas Web,software,JOSE ANDRES LORENZO SEGURA,62587f849e7380006fb40075,,Medium,,,,CRISTIAN ALONSO ROJAS ALFARO,712020:10d48efb-6240-4d70-8b06-f9a54e505f50,CRISTIAN ALONSO ROJAS ALFARO,712020:10d48efb-6240-4d70-8b06-f9a54e505f50,23/Aug/26 11:32 PM,26/Sep/26 5:27 PM,,,,0,,,CRISTIAN ALONSO ROJAS ALFARO,,712020:10d48efb-6240-4d70-8b06-f9a54e505f50,,,,,,,,,,,,{},,0|i0004b:,,,,,10123,KAN-122,[Cliente] Registro del cliente,To Do,23/Aug/26 11:32 PM
"Como visitante quiero registrarme proporcionando mi nombre completo, número de teléfono y correo electrónico para poder realizar y gestionar reservaciones.",KAN-123,10124,Tarea,Por hacer,KAN,Paginas Web,software,JOSE ANDRES LORENZO SEGURA,62587f849e7380006fb40075,,Medium,,,,CRISTIAN ALONSO ROJAS ALFARO,712020:10d48efb-6240-4d70-8b06-f9a54e505f50,CRISTIAN ALONSO ROJAS ALFARO,712020:10d48efb-6240-4d70-8b06-f9a54e505f50,23/Aug/26 11:32 PM,28/Sep/26 7:18 PM,,,,0,,,Alejandro Abarca,CRISTIAN ALONSO ROJAS ALFARO,712020:1d442998-fd56-4a24-8e88-ec5dc34e57f7,712020:10d48efb-6240-4d70-8b06-f9a54e505f50,,,,,,,,,,,{},,0|i0004f:,,,,"28/Sep/26 7:18 PM;712020:1d442998-fd56-4a24-8e88-ec5dc34e57f7;Corrección: Se especifican los datos básicos requeridos para el registro del cliente: nombre completo, número de teléfono y correo electrónico. Se mantiene KAN-123 como la historia responsable del registro para evitar crear una funcionalidad duplicada.
Resumen anterior: Como visitante quiero registrarme proporcionando mis datos personales y correo electrónico para poder realizar y gestionar reservaciones.",10123,KAN-122,[Cliente] Registro del cliente,To Do,23/Aug/26 11:32 PM
Como cliente quiero que mi sesión se cierre después de un período determinado de inactividad para proteger mi cuenta.,KAN-133,10134,Tarea,Por hacer,KAN,Paginas Web,software,JOSE ANDRES LORENZO SEGURA,62587f849e7380006fb40075,,Medium,,JOSE ANDRES LORENZO SEGURA,62587f849e7380006fb40075,CRISTIAN ALONSO ROJAS ALFARO,712020:10d48efb-6240-4d70-8b06-f9a54e505f50,CRISTIAN ALONSO ROJAS ALFARO,712020:10d48efb-6240-4d70-8b06-f9a54e505f50,23/Aug/26 11:34 PM,28/Sep/26 5:40 PM,,,,0,,,CRISTIAN ALONSO ROJAS ALFARO,,712020:10d48efb-6240-4d70-8b06-f9a54e505f50,,,,,,,,,,,,{},,0|i0004f:i,,,,,10129,KAN-128,[Cliente] Login del cliente,To Do,23/Aug/26 11:34 PM
Como visitante quiero recuperar mi contraseña mediante mi correo electrónico si la olvido.,KAN-132,10133,Tarea,Por hacer,KAN,Paginas Web,software,JOSE ANDRES LORENZO SEGURA,62587f849e7380006fb40075,,Medium,,JOSE ANDRES LORENZO SEGURA,62587f849e7380006fb40075,CRISTIAN ALONSO ROJAS ALFARO,712020:10d48efb-6240-4d70-8b06-f9a54e505f50,CRISTIAN ALONSO ROJAS ALFARO,712020:10d48efb-6240-4d70-8b06-f9a54e505f50,23/Aug/26 11:34 PM,28/Sep/26 5:39 PM,,,,0,,,CRISTIAN ALONSO ROJAS ALFARO,,712020:10d48efb-6240-4d70-8b06-f9a54e505f50,,,,,,,,,,,,{},,0|i0004g:,,,,,10129,KAN-128,[Cliente] Login del cliente,To Do,23/Aug/26 11:34 PM
Como visitante quiero visualizar u ocultar mi contraseña mientras la ingreso. ,KAN-131,10132,Tarea,Por hacer,KAN,Paginas Web,software,JOSE ANDRES LORENZO SEGURA,62587f849e7380006fb40075,,Medium,,JOSE ANDRES LORENZO SEGURA,62587f849e7380006fb40075,CRISTIAN ALONSO ROJAS ALFARO,712020:10d48efb-6240-4d70-8b06-f9a54e505f50,CRISTIAN ALONSO ROJAS ALFARO,712020:10d48efb-6240-4d70-8b06-f9a54e505f50,23/Aug/26 11:33 PM,28/Sep/26 5:39 PM,,,,0,,,CRISTIAN ALONSO ROJAS ALFARO,,712020:10d48efb-6240-4d70-8b06-f9a54e505f50,,,,,,,,,,,,{},,0|i0004h:,,,,,10129,KAN-128,[Cliente] Login del cliente,To Do,23/Aug/26 11:33 PM
Como visitante quiero recibir mensajes claros cuando las credenciales proporcionadas sean incorrectas.,KAN-130,10131,Tarea,Por hacer,KAN,Paginas Web,software,JOSE ANDRES LORENZO SEGURA,62587f849e7380006fb40075,,Medium,,JOSE ANDRES LORENZO SEGURA,62587f849e7380006fb40075,CRISTIAN ALONSO ROJAS ALFARO,712020:10d48efb-6240-4d70-8b06-f9a54e505f50,CRISTIAN ALONSO ROJAS ALFARO,712020:10d48efb-6240-4d70-8b06-f9a54e505f50,23/Aug/26 11:33 PM,28/Sep/26 5:39 PM,,,,0,,,CRISTIAN ALONSO ROJAS ALFARO,,712020:10d48efb-6240-4d70-8b06-f9a54e505f50,,,,,,,,,,,,{},,0|i0004j:,,,,,10129,KAN-128,[Cliente] Login del cliente,To Do,23/Aug/26 11:33 PM
Como visitante quiero iniciar sesión utilizando mis credenciales para acceder a mis reservaciones y funcionalidades personales.,KAN-129,10130,Tarea,Por hacer,KAN,Paginas Web,software,JOSE ANDRES LORENZO SEGURA,62587f849e7380006fb40075,,Medium,,JOSE ANDRES LORENZO SEGURA,62587f849e7380006fb40075,CRISTIAN ALONSO ROJAS ALFARO,712020:10d48efb-6240-4d70-8b06-f9a54e505f50,CRISTIAN ALONSO ROJAS ALFARO,712020:10d48efb-6240-4d70-8b06-f9a54e505f50,23/Aug/26 11:33 PM,28/Sep/26 5:39 PM,,,,0,,,CRISTIAN ALONSO ROJAS ALFARO,,712020:10d48efb-6240-4d70-8b06-f9a54e505f50,,,,,,,,,,,,{},,0|i0004n:,,,,,10129,KAN-128,[Cliente] Login del cliente,To Do,23/Aug/26 11:33 PM
Como cliente quiero continuar con la reservación sin seleccionar un colaborador específico cuando el negocio permita que se asigne uno disponible.,KAN-138,10139,Tarea,Por hacer,KAN,Paginas Web,software,JOSE ANDRES LORENZO SEGURA,62587f849e7380006fb40075,,Medium,,,,CRISTIAN ALONSO ROJAS ALFARO,712020:10d48efb-6240-4d70-8b06-f9a54e505f50,CRISTIAN ALONSO ROJAS ALFARO,712020:10d48efb-6240-4d70-8b06-f9a54e505f50,23/Aug/26 11:35 PM,23/Aug/26 11:35 PM,,,,0,,,CRISTIAN ALONSO ROJAS ALFARO,,712020:10d48efb-6240-4d70-8b06-f9a54e505f50,,,,,,,,,,,,{},,0|i0004o:,,,,,10135,KAN-134,[Cliente] Selección de servicio y colaborador,To Do,23/Aug/26 11:35 PM
Como cliente quiero seleccionar un colaborador específico cuando el negocio permita esta opción.,KAN-137,10138,Tarea,Por hacer,KAN,Paginas Web,software,JOSE ANDRES LORENZO SEGURA,62587f849e7380006fb40075,,Medium,,,,CRISTIAN ALONSO ROJAS ALFARO,712020:10d48efb-6240-4d70-8b06-f9a54e505f50,CRISTIAN ALONSO ROJAS ALFARO,712020:10d48efb-6240-4d70-8b06-f9a54e505f50,23/Aug/26 11:35 PM,23/Aug/26 11:35 PM,,,,0,,,CRISTIAN ALONSO ROJAS ALFARO,,712020:10d48efb-6240-4d70-8b06-f9a54e505f50,,,,,,,,,,,,{},,0|i0004p:,,,,,10135,KAN-134,[Cliente] Selección de servicio y colaborador,To Do,23/Aug/26 11:35 PM
Como cliente quiero consultar los colaboradores disponibles para el servicio seleccionado para conocer quiénes pueden atenderme. ,KAN-136,10137,Tarea,Por hacer,KAN,Paginas Web,software,JOSE ANDRES LORENZO SEGURA,62587f849e7380006fb40075,,Medium,,,,CRISTIAN ALONSO ROJAS ALFARO,712020:10d48efb-6240-4d70-8b06-f9a54e505f50,CRISTIAN ALONSO ROJAS ALFARO,712020:10d48efb-6240-4d70-8b06-f9a54e505f50,23/Aug/26 11:35 PM,23/Aug/26 11:35 PM,,,,0,,,CRISTIAN ALONSO ROJAS ALFARO,,712020:10d48efb-6240-4d70-8b06-f9a54e505f50,,,,,,,,,,,,{},,0|i0004r:,,,,,10135,KAN-134,[Cliente] Selección de servicio y colaborador,To Do,23/Aug/26 11:35 PM
Como cliente quiero seleccionar el servicio que deseo recibir para iniciar el proceso de reservación.,KAN-135,10136,Tarea,Por hacer,KAN,Paginas Web,software,JOSE ANDRES LORENZO SEGURA,62587f849e7380006fb40075,,Medium,,,,CRISTIAN ALONSO ROJAS ALFARO,712020:10d48efb-6240-4d70-8b06-f9a54e505f50,CRISTIAN ALONSO ROJAS ALFARO,712020:10d48efb-6240-4d70-8b06-f9a54e505f50,23/Aug/26 11:35 PM,23/Aug/26 11:35 PM,,,,0,,,CRISTIAN ALONSO ROJAS ALFARO,,712020:10d48efb-6240-4d70-8b06-f9a54e505f50,,,,,,,,,,,,{},,0|i0004v:,,,,,10135,KAN-134,[Cliente] Selección de servicio y colaborador,To Do,23/Aug/26 11:35 PM
Como cliente quiero que el sistema valide nuevamente la disponibilidad del horario antes de confirmar mi reservación para evitar conflictos con otras citas.,KAN-144,10145,Tarea,Por hacer,KAN,Paginas Web,software,JOSE ANDRES LORENZO SEGURA,62587f849e7380006fb40075,,Medium,,,,CRISTIAN ALONSO ROJAS ALFARO,712020:10d48efb-6240-4d70-8b06-f9a54e505f50,CRISTIAN ALONSO ROJAS ALFARO,712020:10d48efb-6240-4d70-8b06-f9a54e505f50,23/Aug/26 11:36 PM,23/Aug/26 11:36 PM,,,,0,,,CRISTIAN ALONSO ROJAS ALFARO,,712020:10d48efb-6240-4d70-8b06-f9a54e505f50,,,,,,,,,,,,{},,0|i0004v:i,,,,,10140,KAN-139,[Cliente] Consulta de disponibilidad,To Do,23/Aug/26 11:36 PM
"Como cliente quiero que los horarios bloqueados, tiempos de descanso y días inhábiles no aparezcan como disponibles. ",KAN-143,10144,Tarea,Por hacer,KAN,Paginas Web,software,JOSE ANDRES LORENZO SEGURA,62587f849e7380006fb40075,,Medium,,,,CRISTIAN ALONSO ROJAS ALFARO,712020:10d48efb-6240-4d70-8b06-f9a54e505f50,CRISTIAN ALONSO ROJAS ALFARO,712020:10d48efb-6240-4d70-8b06-f9a54e505f50,23/Aug/26 11:36 PM,23/Aug/26 11:36 PM,,,,0,,,CRISTIAN ALONSO ROJAS ALFARO,,712020:10d48efb-6240-4d70-8b06-f9a54e505f50,,,,,,,,,,,,{},,0|i0004w:,,,,,10140,KAN-139,[Cliente] Consulta de disponibilidad,To Do,23/Aug/26 11:36 PM
"Como cliente quiero consultar la disponibilidad según el colaborador seleccionado, cuando corresponda. ",KAN-142,10143,Tarea,Por hacer,KAN,Paginas Web,software,JOSE ANDRES LORENZO SEGURA,62587f849e7380006fb40075,,Medium,,,,CRISTIAN ALONSO ROJAS ALFARO,712020:10d48efb-6240-4d70-8b06-f9a54e505f50,CRISTIAN ALONSO ROJAS ALFARO,712020:10d48efb-6240-4d70-8b06-f9a54e505f50,23/Aug/26 11:36 PM,23/Aug/26 11:36 PM,,,,0,,,CRISTIAN ALONSO ROJAS ALFARO,,712020:10d48efb-6240-4d70-8b06-f9a54e505f50,,,,,,,,,,,,{},,0|i0004x:,,,,,10140,KAN-139,[Cliente] Consulta de disponibilidad,To Do,23/Aug/26 11:36 PM
Como cliente quiero visualizar únicamente los horarios disponibles para evitar seleccionar horarios no válidos.,KAN-141,10142,Tarea,Por hacer,KAN,Paginas Web,software,JOSE ANDRES LORENZO SEGURA,62587f849e7380006fb40075,,Medium,,,,CRISTIAN ALONSO ROJAS ALFARO,712020:10d48efb-6240-4d70-8b06-f9a54e505f50,CRISTIAN ALONSO ROJAS ALFARO,712020:10d48efb-6240-4d70-8b06-f9a54e505f50,23/Aug/26 11:36 PM,23/Aug/26 11:36 PM,,,,0,,,CRISTIAN ALONSO ROJAS ALFARO,,712020:10d48efb-6240-4d70-8b06-f9a54e505f50,,,,,,,,,,,,{},,0|i0004z:,,,,,10140,KAN-139,[Cliente] Consulta de disponibilidad,To Do,23/Aug/26 11:36 PM
Como cliente quiero seleccionar una fecha para consultar los horarios disponibles para el servicio que deseo reservar. ,KAN-140,10141,Tarea,Por hacer,KAN,Paginas Web,software,JOSE ANDRES LORENZO SEGURA,62587f849e7380006fb40075,,Medium,,,,CRISTIAN ALONSO ROJAS ALFARO,712020:10d48efb-6240-4d70-8b06-f9a54e505f50,CRISTIAN ALONSO ROJAS ALFARO,712020:10d48efb-6240-4d70-8b06-f9a54e505f50,23/Aug/26 11:36 PM,23/Aug/26 11:36 PM,,,,0,,,CRISTIAN ALONSO ROJAS ALFARO,,712020:10d48efb-6240-4d70-8b06-f9a54e505f50,,,,,,,,,,,,{},,0|i00053:,,,,,10140,KAN-139,[Cliente] Consulta de disponibilidad,To Do,23/Aug/26 11:36 PM
Como cliente quiero visualizar una confirmación cuando la reservación haya sido registrada correctamente.,KAN-149,10150,Tarea,Por hacer,KAN,Paginas Web,software,JOSE ANDRES LORENZO SEGURA,62587f849e7380006fb40075,,Medium,,,,CRISTIAN ALONSO ROJAS ALFARO,712020:10d48efb-6240-4d70-8b06-f9a54e505f50,CRISTIAN ALONSO ROJAS ALFARO,712020:10d48efb-6240-4d70-8b06-f9a54e505f50,23/Aug/26 11:38 PM,23/Aug/26 11:38 PM,,,,0,,,CRISTIAN ALONSO ROJAS ALFARO,,712020:10d48efb-6240-4d70-8b06-f9a54e505f50,,,,,,,,,,,,{},,0|i00054:,,,,,10146,KAN-145,[Cliente] Gestión de reservaciones,To Do,23/Aug/26 11:38 PM
Como cliente quiero confirmar mi reservación para registrar la cita con el negocio.,KAN-148,10149,Tarea,Por hacer,KAN,Paginas Web,software,JOSE ANDRES LORENZO SEGURA,62587f849e7380006fb40075,,Medium,,,,CRISTIAN ALONSO ROJAS ALFARO,712020:10d48efb-6240-4d70-8b06-f9a54e505f50,CRISTIAN ALONSO ROJAS ALFARO,712020:10d48efb-6240-4d70-8b06-f9a54e505f50,23/Aug/26 11:38 PM,23/Aug/26 11:38 PM,,,,0,,,CRISTIAN ALONSO ROJAS ALFARO,,712020:10d48efb-6240-4d70-8b06-f9a54e505f50,,,,,,,,,,,,{},,0|i00055:,,,,,10146,KAN-145,[Cliente] Gestión de reservaciones,To Do,23/Aug/26 11:38 PM
Como cliente quiero visualizar las políticas de reservación aplicables antes de confirmar la cita.,KAN-147,10148,Tarea,Por hacer,KAN,Paginas Web,software,JOSE ANDRES LORENZO SEGURA,62587f849e7380006fb40075,,Medium,,,,CRISTIAN ALONSO ROJAS ALFARO,712020:10d48efb-6240-4d70-8b06-f9a54e505f50,CRISTIAN ALONSO ROJAS ALFARO,712020:10d48efb-6240-4d70-8b06-f9a54e505f50,23/Aug/26 11:37 PM,23/Aug/26 11:38 PM,,,,0,,,CRISTIAN ALONSO ROJAS ALFARO,,712020:10d48efb-6240-4d70-8b06-f9a54e505f50,,,,,,,,,,,,{},,0|i00057:,,,,,10146,KAN-145,[Cliente] Gestión de reservaciones,To Do,23/Aug/26 11:37 PM
Como cliente quiero revisar un resumen de la reservación antes de confirmarla para verificar que la información sea correcta. ,KAN-146,10147,Tarea,Por hacer,KAN,Paginas Web,software,JOSE ANDRES LORENZO SEGURA,62587f849e7380006fb40075,,Medium,,,,CRISTIAN ALONSO ROJAS ALFARO,712020:10d48efb-6240-4d70-8b06-f9a54e505f50,CRISTIAN ALONSO ROJAS ALFARO,712020:10d48efb-6240-4d70-8b06-f9a54e505f50,23/Aug/26 11:37 PM,23/Aug/26 11:37 PM,,,,0,,,CRISTIAN ALONSO ROJAS ALFARO,,712020:10d48efb-6240-4d70-8b06-f9a54e505f50,,,,,,,,,,,,{},,0|i0005b:,,,,,10146,KAN-145,[Cliente] Gestión de reservaciones,To Do,23/Aug/26 11:37 PM
Como cliente quiero filtrar mis reservaciones para encontrar una cita determinada con mayor facilidad.,KAN-154,10155,Tarea,Por hacer,KAN,Paginas Web,software,JOSE ANDRES LORENZO SEGURA,62587f849e7380006fb40075,,Medium,,,,CRISTIAN ALONSO ROJAS ALFARO,712020:10d48efb-6240-4d70-8b06-f9a54e505f50,CRISTIAN ALONSO ROJAS ALFARO,712020:10d48efb-6240-4d70-8b06-f9a54e505f50,23/Aug/26 11:40 PM,23/Aug/26 11:40 PM,,,,0,,,CRISTIAN ALONSO ROJAS ALFARO,,712020:10d48efb-6240-4d70-8b06-f9a54e505f50,,,,,,,,,,,,{},,0|i0005c:,,,,,10151,KAN-150,[Cliente] Mis reservaciones,To Do,23/Aug/26 11:40 PM
Como cliente quiero consultar mis reservaciones anteriores para mantener un historial de los servicios que he utilizado.,KAN-153,10154,Tarea,Por hacer,KAN,Paginas Web,software,JOSE ANDRES LORENZO SEGURA,62587f849e7380006fb40075,,Medium,,,,CRISTIAN ALONSO ROJAS ALFARO,712020:10d48efb-6240-4d70-8b06-f9a54e505f50,CRISTIAN ALONSO ROJAS ALFARO,712020:10d48efb-6240-4d70-8b06-f9a54e505f50,23/Aug/26 11:39 PM,23/Aug/26 11:39 PM,,,,0,,,CRISTIAN ALONSO ROJAS ALFARO,,712020:10d48efb-6240-4d70-8b06-f9a54e505f50,,,,,,,,,,,,{},,0|i0005d:,,,,,10151,KAN-150,[Cliente] Mis reservaciones,To Do,23/Aug/26 11:39 PM
"Como cliente quiero visualizar los detalles de una reservación, incluyendo servicio, fecha, horario, colaborador y estado.",KAN-152,10153,Tarea,Por hacer,KAN,Paginas Web,software,JOSE ANDRES LORENZO SEGURA,62587f849e7380006fb40075,,Medium,,,,CRISTIAN ALONSO ROJAS ALFARO,712020:10d48efb-6240-4d70-8b06-f9a54e505f50,CRISTIAN ALONSO ROJAS ALFARO,712020:10d48efb-6240-4d70-8b06-f9a54e505f50,23/Aug/26 11:39 PM,23/Aug/26 11:39 PM,,,,0,,,CRISTIAN ALONSO ROJAS ALFARO,,712020:10d48efb-6240-4d70-8b06-f9a54e505f50,,,,,,,,,,,,{},,0|i0005f:,,,,,10151,KAN-150,[Cliente] Mis reservaciones,To Do,23/Aug/26 11:39 PM
Como cliente quiero consultar mis próximas reservaciones para conocer las citas que tengo pendientes. ,KAN-151,10152,Tarea,Por hacer,KAN,Paginas Web,software,JOSE ANDRES LORENZO SEGURA,62587f849e7380006fb40075,,Medium,,,,CRISTIAN ALONSO ROJAS ALFARO,712020:10d48efb-6240-4d70-8b06-f9a54e505f50,CRISTIAN ALONSO ROJAS ALFARO,712020:10d48efb-6240-4d70-8b06-f9a54e505f50,23/Aug/26 11:39 PM,23/Aug/26 11:39 PM,,,,0,,,CRISTIAN ALONSO ROJAS ALFARO,,712020:10d48efb-6240-4d70-8b06-f9a54e505f50,,,,,,,,,,,,{},,0|i0005j:,,,,,10151,KAN-150,[Cliente] Mis reservaciones,To Do,23/Aug/26 11:39 PM
Como cliente quiero recibir una confirmación cuando mi reservación haya sido reprogramada o cancelada correctamente.,KAN-162,10163,Tarea,Por hacer,KAN,Paginas Web,software,JOSE ANDRES LORENZO SEGURA,62587f849e7380006fb40075,,Medium,,,,CRISTIAN ALONSO ROJAS ALFARO,712020:10d48efb-6240-4d70-8b06-f9a54e505f50,CRISTIAN ALONSO ROJAS ALFARO,712020:10d48efb-6240-4d70-8b06-f9a54e505f50,23/Aug/26 11:41 PM,23/Aug/26 11:41 PM,,,,0,,,CRISTIAN ALONSO ROJAS ALFARO,,712020:10d48efb-6240-4d70-8b06-f9a54e505f50,,,,,,,,,,,,{},,0|i0005j:4,,,,,10156,KAN-155,[Cliente] Reprogramación y cancelación de reservaciones,To Do,23/Aug/26 11:41 PM
Como cliente quiero conocer si existe alguna penalización asociada antes de reprogramar o cancelar una reservación.,KAN-161,10162,Tarea,Por hacer,KAN,Paginas Web,software,JOSE ANDRES LORENZO SEGURA,62587f849e7380006fb40075,,Medium,,,,CRISTIAN ALONSO ROJAS ALFARO,712020:10d48efb-6240-4d70-8b06-f9a54e505f50,CRISTIAN ALONSO ROJAS ALFARO,712020:10d48efb-6240-4d70-8b06-f9a54e505f50,23/Aug/26 11:41 PM,23/Aug/26 11:41 PM,,,,0,,,CRISTIAN ALONSO ROJAS ALFARO,,712020:10d48efb-6240-4d70-8b06-f9a54e505f50,,,,,,,,,,,,{},,0|i0005j:9,,,,,10156,KAN-155,[Cliente] Reprogramación y cancelación de reservaciones,To Do,23/Aug/26 11:41 PM
Como cliente quiero visualizar las políticas de cancelación antes de confirmar la cancelación.,KAN-160,10161,Tarea,Por hacer,KAN,Paginas Web,software,JOSE ANDRES LORENZO SEGURA,62587f849e7380006fb40075,,Medium,,,,CRISTIAN ALONSO ROJAS ALFARO,712020:10d48efb-6240-4d70-8b06-f9a54e505f50,CRISTIAN ALONSO ROJAS ALFARO,712020:10d48efb-6240-4d70-8b06-f9a54e505f50,23/Aug/26 11:41 PM,23/Aug/26 11:41 PM,,,,0,,,CRISTIAN ALONSO ROJAS ALFARO,,712020:10d48efb-6240-4d70-8b06-f9a54e505f50,,,,,,,,,,,,{},,0|i0005j:i,,,,,10156,KAN-155,[Cliente] Reprogramación y cancelación de reservaciones,To Do,23/Aug/26 11:41 PM
Como cliente quiero cancelar una reservación futura cuando ya no pueda asistir.,KAN-159,10160,Tarea,Por hacer,KAN,Paginas Web,software,JOSE ANDRES LORENZO SEGURA,62587f849e7380006fb40075,,Medium,,,,CRISTIAN ALONSO ROJAS ALFARO,712020:10d48efb-6240-4d70-8b06-f9a54e505f50,CRISTIAN ALONSO ROJAS ALFARO,712020:10d48efb-6240-4d70-8b06-f9a54e505f50,23/Aug/26 11:41 PM,23/Aug/26 11:41 PM,,,,0,,,CRISTIAN ALONSO ROJAS ALFARO,,712020:10d48efb-6240-4d70-8b06-f9a54e505f50,,,,,,,,,,,,{},,0|i0005k:,,,,,10156,KAN-155,[Cliente] Reprogramación y cancelación de reservaciones,To Do,23/Aug/26 11:41 PM
Como cliente quiero cambiar la fecha u horario de una reservación siempre que cumpla con las políticas establecidas por el negocio.,KAN-158,10159,Tarea,Por hacer,KAN,Paginas Web,software,JOSE ANDRES LORENZO SEGURA,62587f849e7380006fb40075,,Medium,,,,CRISTIAN ALONSO ROJAS ALFARO,712020:10d48efb-6240-4d70-8b06-f9a54e505f50,CRISTIAN ALONSO ROJAS ALFARO,712020:10d48efb-6240-4d70-8b06-f9a54e505f50,23/Aug/26 11:40 PM,23/Aug/26 11:40 PM,,,,0,,,CRISTIAN ALONSO ROJAS ALFARO,,712020:10d48efb-6240-4d70-8b06-f9a54e505f50,,,,,,,,,,,,{},,0|i0005l:,,,,,10156,KAN-155,[Cliente] Reprogramación y cancelación de reservaciones,To Do,23/Aug/26 11:40 PM
Como cliente quiero consultar nuevas fechas y horarios disponibles antes de modificar una reservación.,KAN-157,10158,Tarea,Por hacer,KAN,Paginas Web,software,JOSE ANDRES LORENZO SEGURA,62587f849e7380006fb40075,,Medium,,,,CRISTIAN ALONSO ROJAS ALFARO,712020:10d48efb-6240-4d70-8b06-f9a54e505f50,CRISTIAN ALONSO ROJAS ALFARO,712020:10d48efb-6240-4d70-8b06-f9a54e505f50,23/Aug/26 11:40 PM,23/Aug/26 11:40 PM,,,,0,,,CRISTIAN ALONSO ROJAS ALFARO,,712020:10d48efb-6240-4d70-8b06-f9a54e505f50,,,,,,,,,,,,{},,0|i0005n:,,,,,10156,KAN-155,[Cliente] Reprogramación y cancelación de reservaciones,To Do,23/Aug/26 11:40 PM
Como cliente quiero seleccionar una reservación futura para solicitar su reprogramación.,KAN-156,10157,Tarea,Por hacer,KAN,Paginas Web,software,JOSE ANDRES LORENZO SEGURA,62587f849e7380006fb40075,,Medium,,,,CRISTIAN ALONSO ROJAS ALFARO,712020:10d48efb-6240-4d70-8b06-f9a54e505f50,CRISTIAN ALONSO ROJAS ALFARO,712020:10d48efb-6240-4d70-8b06-f9a54e505f50,23/Aug/26 11:40 PM,23/Aug/26 11:40 PM,,,,0,,,CRISTIAN ALONSO ROJAS ALFARO,,712020:10d48efb-6240-4d70-8b06-f9a54e505f50,,,,,,,,,,,,{},,0|i0005r:,,,,,10156,KAN-155,[Cliente] Reprogramación y cancelación de reservaciones,To Do,23/Aug/26 11:40 PM
Como cliente quiero recibir una notificación cuando una reservación sea cancelada.,KAN-167,10168,Tarea,Por hacer,KAN,Paginas Web,software,JOSE ANDRES LORENZO SEGURA,62587f849e7380006fb40075,,Medium,,,,CRISTIAN ALONSO ROJAS ALFARO,712020:10d48efb-6240-4d70-8b06-f9a54e505f50,CRISTIAN ALONSO ROJAS ALFARO,712020:10d48efb-6240-4d70-8b06-f9a54e505f50,23/Aug/26 11:43 PM,23/Aug/26 11:43 PM,,,,0,,,CRISTIAN ALONSO ROJAS ALFARO,,712020:10d48efb-6240-4d70-8b06-f9a54e505f50,,,,,,,,,,,,{},,0|i0005s:,,,,,10164,KAN-163,[Cliente] Notificaciones y recordatorios,To Do,23/Aug/26 11:43 PM
Como cliente quiero recibir una notificación cuando una reservación sea reprogramada.,KAN-166,10167,Tarea,Por hacer,KAN,Paginas Web,software,JOSE ANDRES LORENZO SEGURA,62587f849e7380006fb40075,,Medium,,,,CRISTIAN ALONSO ROJAS ALFARO,712020:10d48efb-6240-4d70-8b06-f9a54e505f50,CRISTIAN ALONSO ROJAS ALFARO,712020:10d48efb-6240-4d70-8b06-f9a54e505f50,23/Aug/26 11:42 PM,23/Aug/26 11:42 PM,,,,0,,,CRISTIAN ALONSO ROJAS ALFARO,,712020:10d48efb-6240-4d70-8b06-f9a54e505f50,,,,,,,,,,,,{},,0|i0005t:,,,,,10164,KAN-163,[Cliente] Notificaciones y recordatorios,To Do,23/Aug/26 11:42 PM
Como cliente quiero recibir recordatorios antes de una cita para reducir la posibilidad de olvidarla.,KAN-165,10166,Tarea,Por hacer,KAN,Paginas Web,software,JOSE ANDRES LORENZO SEGURA,62587f849e7380006fb40075,,Medium,,,,CRISTIAN ALONSO ROJAS ALFARO,712020:10d48efb-6240-4d70-8b06-f9a54e505f50,CRISTIAN ALONSO ROJAS ALFARO,712020:10d48efb-6240-4d70-8b06-f9a54e505f50,23/Aug/26 11:42 PM,23/Aug/26 11:42 PM,,,,0,,,CRISTIAN ALONSO ROJAS ALFARO,,712020:10d48efb-6240-4d70-8b06-f9a54e505f50,,,,,,,,,,,,{},,0|i0005v:,,,,,10164,KAN-163,[Cliente] Notificaciones y recordatorios,To Do,23/Aug/26 11:42 PM
Como cliente quiero recibir una confirmación por correo cuando realice una reservación para tener constancia de la cita.,KAN-164,10165,Tarea,Por hacer,KAN,Paginas Web,software,JOSE ANDRES LORENZO SEGURA,62587f849e7380006fb40075,,Medium,,,,CRISTIAN ALONSO ROJAS ALFARO,712020:10d48efb-6240-4d70-8b06-f9a54e505f50,CRISTIAN ALONSO ROJAS ALFARO,712020:10d48efb-6240-4d70-8b06-f9a54e505f50,23/Aug/26 11:42 PM,23/Aug/26 11:42 PM,,,,0,,,CRISTIAN ALONSO ROJAS ALFARO,,712020:10d48efb-6240-4d70-8b06-f9a54e505f50,,,,,,,,,,,,{},,0|i0005z:,,,,,10164,KAN-163,[Cliente] Notificaciones y recordatorios,To Do,23/Aug/26 11:42 PM
Como cliente quiero cambiar la apariencia de la interfaz entre modo claro y oscuro.,KAN-173,10174,Tarea,Por hacer,KAN,Paginas Web,software,JOSE ANDRES LORENZO SEGURA,62587f849e7380006fb40075,,Medium,,,,CRISTIAN ALONSO ROJAS ALFARO,712020:10d48efb-6240-4d70-8b06-f9a54e505f50,CRISTIAN ALONSO ROJAS ALFARO,712020:10d48efb-6240-4d70-8b06-f9a54e505f50,23/Aug/26 11:43 PM,23/Aug/26 11:43 PM,,,,0,,,CRISTIAN ALONSO ROJAS ALFARO,,712020:10d48efb-6240-4d70-8b06-f9a54e505f50,,,,,,,,,,,,{},,0|i0005z:i,,,,,10169,KAN-168,[Cliente] Perfil y configuración,To Do,23/Aug/26 11:43 PM
Como cliente quiero cambiar el idioma de la interfaz entre inglés y español.,KAN-172,10173,Tarea,Por hacer,KAN,Paginas Web,software,JOSE ANDRES LORENZO SEGURA,62587f849e7380006fb40075,,Medium,,,,CRISTIAN ALONSO ROJAS ALFARO,712020:10d48efb-6240-4d70-8b06-f9a54e505f50,CRISTIAN ALONSO ROJAS ALFARO,712020:10d48efb-6240-4d70-8b06-f9a54e505f50,23/Aug/26 11:43 PM,23/Aug/26 11:43 PM,,,,0,,,CRISTIAN ALONSO ROJAS ALFARO,,712020:10d48efb-6240-4d70-8b06-f9a54e505f50,,,,,,,,,,,,{},,0|i00060:,,,,,10169,KAN-168,[Cliente] Perfil y configuración,To Do,23/Aug/26 11:43 PM
Como cliente quiero cambiar mi contraseña para mantener segura mi cuenta.,KAN-171,10172,Tarea,Por hacer,KAN,Paginas Web,software,JOSE ANDRES LORENZO SEGURA,62587f849e7380006fb40075,,Medium,,,,CRISTIAN ALONSO ROJAS ALFARO,712020:10d48efb-6240-4d70-8b06-f9a54e505f50,CRISTIAN ALONSO ROJAS ALFARO,712020:10d48efb-6240-4d70-8b06-f9a54e505f50,23/Aug/26 11:43 PM,23/Aug/26 11:43 PM,,,,0,,,CRISTIAN ALONSO ROJAS ALFARO,,712020:10d48efb-6240-4d70-8b06-f9a54e505f50,,,,,,,,,,,,{},,0|i00061:,,,,,10169,KAN-168,[Cliente] Perfil y configuración,To Do,23/Aug/26 11:43 PM
Como cliente quiero modificar mis datos personales para mantener mi información actualizada.,KAN-170,10171,Tarea,Por hacer,KAN,Paginas Web,software,JOSE ANDRES LORENZO SEGURA,62587f849e7380006fb40075,,Medium,,,,CRISTIAN ALONSO ROJAS ALFARO,712020:10d48efb-6240-4d70-8b06-f9a54e505f50,CRISTIAN ALONSO ROJAS ALFARO,712020:10d48efb-6240-4d70-8b06-f9a54e505f50,23/Aug/26 11:43 PM,23/Aug/26 11:43 PM,,,,0,,,CRISTIAN ALONSO ROJAS ALFARO,,712020:10d48efb-6240-4d70-8b06-f9a54e505f50,,,,,,,,,,,,{},,0|i00063:,,,,,10169,KAN-168,[Cliente] Perfil y configuración,To Do,23/Aug/26 11:43 PM
Como cliente quiero consultar mis datos personales para verificar la información asociada a mi cuenta.,KAN-169,10170,Tarea,Por hacer,KAN,Paginas Web,software,JOSE ANDRES LORENZO SEGURA,62587f849e7380006fb40075,,Medium,,,,CRISTIAN ALONSO ROJAS ALFARO,712020:10d48efb-6240-4d70-8b06-f9a54e505f50,CRISTIAN ALONSO ROJAS ALFARO,712020:10d48efb-6240-4d70-8b06-f9a54e505f50,23/Aug/26 11:43 PM,23/Aug/26 11:43 PM,,,,0,,,CRISTIAN ALONSO ROJAS ALFARO,,712020:10d48efb-6240-4d70-8b06-f9a54e505f50,,,,,,,,,,,,{},,0|i00067:,,,,,10169,KAN-168,[Cliente] Perfil y configuración,To Do,23/Aug/26 11:43 PM
[Admin] Gestión de Negocios,KAN-174,10175,Epic,Por hacer,KAN,Paginas Web,software,JOSE ANDRES LORENZO SEGURA,62587f849e7380006fb40075,,Medium,,,,JOSE ANDRES LORENZO SEGURA,62587f849e7380006fb40075,JOSE ANDRES LORENZO SEGURA,62587f849e7380006fb40075,24/Aug/26 12:45 PM,26/Sep/26 4:56 PM,,,,0,,,JOSE ANDRES LORENZO SEGURA,,62587f849e7380006fb40075,,,,,,,,,,,,{},,0|i0006f:,,,,,,,,To Do,24/Aug/26 12:45 PM
"Como super administrador, quiero ver los negocios registrados y filtrarlos por estado, fecha de registro y plan contratado para tener una visión general del ecosistema.",KAN-175,10176,Tarea,Por hacer,KAN,Paginas Web,software,JOSE ANDRES LORENZO SEGURA,62587f849e7380006fb40075,,Medium,,,,JOSE ANDRES LORENZO SEGURA,62587f849e7380006fb40075,JOSE ANDRES LORENZO SEGURA,62587f849e7380006fb40075,24/Aug/26 12:51 PM,28/Sep/26 6:58 PM,,,,0,,,Alejandro Abarca,JOSE ANDRES LORENZO SEGURA,712020:1d442998-fd56-4a24-8e88-ec5dc34e57f7,62587f849e7380006fb40075,,,,,,,,,,,{},,0|i0006n:,,,,"28/Sep/26 6:54 PM;712020:1d442998-fd56-4a24-8e88-ec5dc34e57f7;Corrección: Se ajustó el resumen para mantener el estado ""pendiente"". Se define como pendiente al negocio que confirmó el pago pero aún no ha completado su registro.
Resumen anterior: Como super administrador, quiero ver una tabla con todos los negocios registrados en la plataforma, con filtros por estado (Activo, inactivo, pendiente), fecha de registro y plan contratado para tener una visión general del ecosistema.",10175,KAN-174,[Admin] Gestión de Negocios,To Do,24/Aug/26 12:51 PM
"Como super administrador, quiero que un negocio que haya confirmado el pago y completado su registro pueda ser activado, permitiendo al dueño acceder al panel de administración.",KAN-176,10177,Tarea,Por hacer,KAN,Paginas Web,software,JOSE ANDRES LORENZO SEGURA,62587f849e7380006fb40075,,Medium,,,,JOSE ANDRES LORENZO SEGURA,62587f849e7380006fb40075,JOSE ANDRES LORENZO SEGURA,62587f849e7380006fb40075,24/Aug/26 12:51 PM,28/Sep/26 6:59 PM,,,,0,,,Alejandro Abarca,JOSE ANDRES LORENZO SEGURA,712020:1d442998-fd56-4a24-8e88-ec5dc34e57f7,62587f849e7380006fb40075,,,,,,,,,,,{},,0|i0006v:,,,,"28/Sep/26 6:51 PM;712020:1d442998-fd56-4a24-8e88-ec5dc34e57f7;Corrección: Se modificó el resumen para eliminar la activación automática inmediatamente después del pago. El negocio podrá activarse una vez confirmado el pago y completado su registro.
Resumen anterior: Como super administrador, quiero que la cuenta del negocio se active automáticamente en el momento que se confirme el pago de la suscripción, permitiendo el dueño acceder al panel de administración de forma inmediata.",10175,KAN-174,[Admin] Gestión de Negocios,To Do,24/Aug/26 12:51 PM
"Como super administrador, quiero ver un tablero o listado cronológico de todos los negocios que se han activado (con su fecha, plan contratado y datos básicos), únicamente con fines informativos y de trazabilidad",KAN-177,10178,Tarea,Por hacer,KAN,Paginas Web,software,JOSE ANDRES LORENZO SEGURA,62587f849e7380006fb40075,,Medium,,,,JOSE ANDRES LORENZO SEGURA,62587f849e7380006fb40075,JOSE ANDRES LORENZO SEGURA,62587f849e7380006fb40075,24/Aug/26 12:51 PM,26/Sep/26 6:31 PM,,,,0,,,JOSE ANDRES LORENZO SEGURA,,62587f849e7380006fb40075,,,,,,,,,,,,{},,0|i00073:,,,,,10175,KAN-174,[Admin] Gestión de Negocios,To Do,24/Aug/26 12:51 PM
"Como superadmin, quiero consultar el historial completo de transacciones de un negocio en particular directamente desde su perfil en el panel Super Admin, para resolver dudas de facturación o verificar el estado de sus pagos",KAN-178,10179,Tarea,Por hacer,KAN,Paginas Web,software,JOSE ANDRES LORENZO SEGURA,62587f849e7380006fb40075,,Medium,,,,JOSE ANDRES LORENZO SEGURA,62587f849e7380006fb40075,JOSE ANDRES LORENZO SEGURA,62587f849e7380006fb40075,24/Aug/26 12:53 PM,24/Aug/26 12:53 PM,,,,0,,,JOSE ANDRES LORENZO SEGURA,,62587f849e7380006fb40075,,,,,,,,,,,,{},,0|i0007b:,,,,,10175,KAN-174,[Admin] Gestión de Negocios,To Do,24/Aug/26 12:53 PM
"Como super administrador, quiero reactivar un negocio que haya sido suspendido previamente para restaurar su acceso y funcionalidades.",KAN-179,10180,Tarea,Por hacer,KAN,Paginas Web,software,JOSE ANDRES LORENZO SEGURA,62587f849e7380006fb40075,,Medium,,,,JOSE ANDRES LORENZO SEGURA,62587f849e7380006fb40075,JOSE ANDRES LORENZO SEGURA,62587f849e7380006fb40075,24/Aug/26 12:53 PM,24/Aug/26 12:53 PM,,,,0,,,JOSE ANDRES LORENZO SEGURA,,62587f849e7380006fb40075,,,,,,,,,,,,{},,0|i0007j:,,,,,10175,KAN-174,[Admin] Gestión de Negocios,To Do,24/Aug/26 12:53 PM
[Admin] Gestión Global de Planes de Suscripción,KAN-180,10181,Epic,Por hacer,KAN,Paginas Web,software,JOSE ANDRES LORENZO SEGURA,62587f849e7380006fb40075,,Medium,,,,JOSE ANDRES LORENZO SEGURA,62587f849e7380006fb40075,JOSE ANDRES LORENZO SEGURA,62587f849e7380006fb40075,24/Aug/26 12:53 PM,26/Sep/26 4:56 PM,,,,0,,,JOSE ANDRES LORENZO SEGURA,,62587f849e7380006fb40075,,,,,,,,,,,,{},,0|i0007r:,,,,,,,,To Do,24/Aug/26 12:53 PM
"Como super administrador, quiero crear nuevos planes de suscripción definiendo: nombre, precio, duración (mensual/anual), lista de características incluidas y límites (ej. número de colaboradores, reservas máximas), para ofrecer variedad al mercado.",KAN-181,10182,Tarea,Por hacer,KAN,Paginas Web,software,JOSE ANDRES LORENZO SEGURA,62587f849e7380006fb40075,,Medium,,,,JOSE ANDRES LORENZO SEGURA,62587f849e7380006fb40075,JOSE ANDRES LORENZO SEGURA,62587f849e7380006fb40075,24/Aug/26 12:54 PM,24/Aug/26 12:54 PM,,,,0,,,JOSE ANDRES LORENZO SEGURA,,62587f849e7380006fb40075,,,,,,,,,,,,{},,0|i0007z:,,,,,10181,KAN-180,[Admin] Gestión Global de Planes de Suscripción,To Do,24/Aug/26 12:54 PM
"Como super admin, quiero configurar parámetros globales de la plataforma desde un panel de ajustes, (tiempo máximo de inactividad, días de gracia permitidos después del vencimiento de la suscripción y límite máximo de reservas por negocio)",KAN-182,10183,Tarea,Por hacer,KAN,Paginas Web,software,JOSE ANDRES LORENZO SEGURA,62587f849e7380006fb40075,,Medium,,,,JOSE ANDRES LORENZO SEGURA,62587f849e7380006fb40075,JOSE ANDRES LORENZO SEGURA,62587f849e7380006fb40075,24/Aug/26 12:58 PM,24/Aug/26 12:58 PM,,,,0,,,JOSE ANDRES LORENZO SEGURA,,62587f849e7380006fb40075,,,,,,,,,,,,{},,0|i00087:,,,,,10181,KAN-180,[Admin] Gestión Global de Planes de Suscripción,To Do,24/Aug/26 12:58 PM
"Como super administrador, quiero editar la información de un plan existente (precio, beneficios o duración) para actualizar la oferta comercial sin eliminar el plan.",KAN-183,10184,Tarea,Por hacer,KAN,Paginas Web,software,JOSE ANDRES LORENZO SEGURA,62587f849e7380006fb40075,,Medium,,,,JOSE ANDRES LORENZO SEGURA,62587f849e7380006fb40075,JOSE ANDRES LORENZO SEGURA,62587f849e7380006fb40075,24/Aug/26 12:59 PM,24/Aug/26 12:59 PM,,,,0,,,JOSE ANDRES LORENZO SEGURA,,62587f849e7380006fb40075,,,,,,,,,,,,{},,0|i0008f:,,,,,10181,KAN-180,[Admin] Gestión Global de Planes de Suscripción,To Do,24/Aug/26 12:59 PM
"Como super administrador, quiero activar o desactivar un plan de suscripción para ocultarlo del catálogo público, evitando nuevas contrataciones, pero manteniendo activos a los negocios que ya lo tienen contratado.",KAN-184,10185,Tarea,Por hacer,KAN,Paginas Web,software,JOSE ANDRES LORENZO SEGURA,62587f849e7380006fb40075,,Medium,,,,JOSE ANDRES LORENZO SEGURA,62587f849e7380006fb40075,JOSE ANDRES LORENZO SEGURA,62587f849e7380006fb40075,24/Aug/26 12:59 PM,24/Aug/26 12:59 PM,,,,0,,,JOSE ANDRES LORENZO SEGURA,,62587f849e7380006fb40075,,,,,,,,,,,,{},,0|i0008n:,,,,,10181,KAN-180,[Admin] Gestión Global de Planes de Suscripción,To Do,24/Aug/26 12:59 PM
"Como super administrador, quiero ver el listado completo de todos los planes creados en el sistema para gestionarlos de forma centralizada.",KAN-185,10186,Tarea,Por hacer,KAN,Paginas Web,software,JOSE ANDRES LORENZO SEGURA,62587f849e7380006fb40075,,Medium,,,,JOSE ANDRES LORENZO SEGURA,62587f849e7380006fb40075,JOSE ANDRES LORENZO SEGURA,62587f849e7380006fb40075,24/Aug/26 12:59 PM,24/Aug/26 12:59 PM,,,,0,,,JOSE ANDRES LORENZO SEGURA,,62587f849e7380006fb40075,,,,,,,,,,,,{},,0|i0008v:,,,,,10181,KAN-180,[Admin] Gestión Global de Planes de Suscripción,To Do,24/Aug/26 12:59 PM
[Admin] Dashboard y Panel de control Global,KAN-186,10187,Epic,Por hacer,KAN,Paginas Web,software,JOSE ANDRES LORENZO SEGURA,62587f849e7380006fb40075,,Medium,,,,JOSE ANDRES LORENZO SEGURA,62587f849e7380006fb40075,JOSE ANDRES LORENZO SEGURA,62587f849e7380006fb40075,24/Aug/26 1:00 PM,26/Sep/26 4:56 PM,,,,0,,,JOSE ANDRES LORENZO SEGURA,,62587f849e7380006fb40075,,,,,,,,,,,,{},,0|i00093:,,,,,,,,To Do,24/Aug/26 1:00 PM
"Como super administrador, quiero visualizar un dashboard con métricas generales de la plataforma, como el total de negocios activos, ingresos simulados totales generados por suscripciones y cantidad de reservas globales, para medir el rendimiento del SaaS",KAN-187,10188,Tarea,Por hacer,KAN,Paginas Web,software,JOSE ANDRES LORENZO SEGURA,62587f849e7380006fb40075,,Medium,,,,JOSE ANDRES LORENZO SEGURA,62587f849e7380006fb40075,JOSE ANDRES LORENZO SEGURA,62587f849e7380006fb40075,24/Aug/26 1:00 PM,24/Aug/26 1:00 PM,,,,0,,,JOSE ANDRES LORENZO SEGURA,,62587f849e7380006fb40075,,,,,,,,,,,,{},,0|i0009b:,,,,,10187,KAN-186,[Admin] Dashboard y Panel de control Global,To Do,24/Aug/26 1:00 PM
"Como super administrador, quiero ver notificaciones o alertas de negocios con suscripciones a punto de vencer para hacer seguimiento proactivo.",KAN-188,10189,Tarea,Por hacer,KAN,Paginas Web,software,JOSE ANDRES LORENZO SEGURA,62587f849e7380006fb40075,,Medium,,,,JOSE ANDRES LORENZO SEGURA,62587f849e7380006fb40075,JOSE ANDRES LORENZO SEGURA,62587f849e7380006fb40075,24/Aug/26 1:00 PM,24/Aug/26 1:00 PM,,,,0,,,JOSE ANDRES LORENZO SEGURA,,62587f849e7380006fb40075,,,,,,,,,,,,{},,0|i0009j:,,,,,10187,KAN-186,[Admin] Dashboard y Panel de control Global,To Do,24/Aug/26 1:00 PM
[Admin] Gestión de Soporte y Consultas (Ticketing),KAN-189,10190,Epic,Por hacer,KAN,Paginas Web,software,JOSE ANDRES LORENZO SEGURA,62587f849e7380006fb40075,,Medium,,,,JOSE ANDRES LORENZO SEGURA,62587f849e7380006fb40075,JOSE ANDRES LORENZO SEGURA,62587f849e7380006fb40075,24/Aug/26 1:00 PM,26/Sep/26 4:56 PM,,,,0,,,JOSE ANDRES LORENZO SEGURA,,62587f849e7380006fb40075,,,,,,,,,,,,{},,0|i0009r:,,,,,,,,To Do,24/Aug/26 1:00 PM
"Como super administrador, quiero ver un listado paginado de todos los tickets de soporte creados por los dueños de negocio, con su estado (abierto, en proceso, resuelto), para gestionar las incidencias",KAN-190,10191,Tarea,Por hacer,KAN,Paginas Web,software,JOSE ANDRES LORENZO SEGURA,62587f849e7380006fb40075,,Medium,,,,JOSE ANDRES LORENZO SEGURA,62587f849e7380006fb40075,JOSE ANDRES LORENZO SEGURA,62587f849e7380006fb40075,24/Aug/26 1:01 PM,24/Aug/26 1:01 PM,,,,0,,,JOSE ANDRES LORENZO SEGURA,,62587f849e7380006fb40075,,,,,,,,,,,,{},,0|i0009z:,,,,,10190,KAN-189,[Admin] Gestión de Soporte y Consultas (Ticketing),To Do,24/Aug/26 1:01 PM
"Como super administrador, quiero responder a una consulta o ticket directamente desde el panel, enviando la respuesta al correo del dueño del negocio.",KAN-191,10192,Tarea,Por hacer,KAN,Paginas Web,software,JOSE ANDRES LORENZO SEGURA,62587f849e7380006fb40075,,Medium,,,,JOSE ANDRES LORENZO SEGURA,62587f849e7380006fb40075,JOSE ANDRES LORENZO SEGURA,62587f849e7380006fb40075,24/Aug/26 1:01 PM,24/Aug/26 1:01 PM,,,,0,,,JOSE ANDRES LORENZO SEGURA,,62587f849e7380006fb40075,,,,,,,,,,,,{},,0|i000a7:,,,,,10190,KAN-189,[Admin] Gestión de Soporte y Consultas (Ticketing),To Do,24/Aug/26 1:01 PM
"Como super administrador, quiero cerrar o marcar como resuelto un ticket de soporte una vez que la consulta haya sido atendida.",KAN-192,10193,Tarea,Por hacer,KAN,Paginas Web,software,JOSE ANDRES LORENZO SEGURA,62587f849e7380006fb40075,,Medium,,,,JOSE ANDRES LORENZO SEGURA,62587f849e7380006fb40075,JOSE ANDRES LORENZO SEGURA,62587f849e7380006fb40075,24/Aug/26 1:01 PM,26/Sep/26 6:14 PM,,,,0,,,JOSE ANDRES LORENZO SEGURA,,62587f849e7380006fb40075,,,,,,,,,,,,{},,0|i000af:,,,,,10190,KAN-189,[Admin] Gestión de Soporte y Consultas (Ticketing),To Do,24/Aug/26 1:01 PM
[Admin] Auditoría y Trazabilidad de Acciones,KAN-193,10194,Epic,Por hacer,KAN,Paginas Web,software,JOSE ANDRES LORENZO SEGURA,62587f849e7380006fb40075,,Medium,,,,JOSE ANDRES LORENZO SEGURA,62587f849e7380006fb40075,JOSE ANDRES LORENZO SEGURA,62587f849e7380006fb40075,24/Aug/26 1:02 PM,26/Sep/26 4:56 PM,,,,0,,,JOSE ANDRES LORENZO SEGURA,,62587f849e7380006fb40075,,,,,,,,,,,,{},,0|i000an:,,,,,,,,To Do,24/Aug/26 1:02 PM
"Como super administrador, quiero consultar un historial de auditoría (logs) donde se registren mis acciones críticas (aprobaciones, suspensiones, cambios de planes, ediciones de precios) para garantizar la trazabilidad y seguridad del sistema.",KAN-194,10195,Tarea,Por hacer,KAN,Paginas Web,software,JOSE ANDRES LORENZO SEGURA,62587f849e7380006fb40075,,Medium,,,,JOSE ANDRES LORENZO SEGURA,62587f849e7380006fb40075,JOSE ANDRES LORENZO SEGURA,62587f849e7380006fb40075,24/Aug/26 1:02 PM,26/Sep/26 6:15 PM,,,,0,,,JOSE ANDRES LORENZO SEGURA,,62587f849e7380006fb40075,,,,,,,,,,,,{},,0|i000av:,,,,,10194,KAN-193,[Admin] Auditoría y Trazabilidad de Acciones,To Do,24/Aug/26 1:02 PM
"Como super administrador, quiero filtrar el historial de auditoría por fecha y tipo de acción para encontrar eventos específicos rápidamente.",KAN-195,10196,Tarea,Por hacer,KAN,Paginas Web,software,JOSE ANDRES LORENZO SEGURA,62587f849e7380006fb40075,,Medium,,,,JOSE ANDRES LORENZO SEGURA,62587f849e7380006fb40075,JOSE ANDRES LORENZO SEGURA,62587f849e7380006fb40075,24/Aug/26 1:02 PM,22/Sep/26 2:43 PM,,,,0,,,JOSE ANDRES LORENZO SEGURA,,62587f849e7380006fb40075,,,,,,,,,,,,{},,0|i000b3:,,,,,10194,KAN-193,[Admin] Auditoría y Trazabilidad de Acciones,To Do,24/Aug/26 1:02 PM
[Landing] Footer,KAN-196,10216,Epic,Por hacer,KAN,Paginas Web,software,JOSE ANDRES LORENZO SEGURA,62587f849e7380006fb40075,,Medium,,Randy,712020:2944bd8c-63da-40f9-bd8d-48d88e5ca723,Alejandro Abarca,712020:1d442998-fd56-4a24-8e88-ec5dc34e57f7,Alejandro Abarca,712020:1d442998-fd56-4a24-8e88-ec5dc34e57f7,26/Sep/26 4:59 PM,28/Sep/26 5:34 PM,,,,0,,,Alejandro Abarca,,712020:1d442998-fd56-4a24-8e88-ec5dc34e57f7,,,,,,,,,,,,{},purple,0|i000bb:,,,,,,,,To Do,26/Sep/26 4:59 PM
[Negocio] Soporte,KAN-197,10217,Epic,Por hacer,KAN,Paginas Web,software,JOSE ANDRES LORENZO SEGURA,62587f849e7380006fb40075,,Medium,,,,Alejandro Abarca,712020:1d442998-fd56-4a24-8e88-ec5dc34e57f7,Alejandro Abarca,712020:1d442998-fd56-4a24-8e88-ec5dc34e57f7,26/Sep/26 5:32 PM,26/Sep/26 5:32 PM,,,,0,,,Alejandro Abarca,,712020:1d442998-fd56-4a24-8e88-ec5dc34e57f7,,,,,,,,,,,,{},yellow,0|i000bj:,,,,,,,,To Do,26/Sep/26 5:32 PM
[Admin] Acceso,KAN-198,10218,Epic,Por hacer,KAN,Paginas Web,software,JOSE ANDRES LORENZO SEGURA,62587f849e7380006fb40075,,Medium,,,,Alejandro Abarca,712020:1d442998-fd56-4a24-8e88-ec5dc34e57f7,Alejandro Abarca,712020:1d442998-fd56-4a24-8e88-ec5dc34e57f7,26/Sep/26 5:33 PM,26/Sep/26 5:33 PM,,,,0,,,Alejandro Abarca,,712020:1d442998-fd56-4a24-8e88-ec5dc34e57f7,,,,,,,,,,,,{},purple,0|i000br:,,,,,,,,To Do,26/Sep/26 5:33 PM
"Como suscriptor quiero configurar el perfil público de mi negocio (nombre, logo, descripción, contacto y redes sociales) para que mis clientes lo vean",KAN-199,10219,Tarea,Por hacer,KAN,Paginas Web,software,JOSE ANDRES LORENZO SEGURA,62587f849e7380006fb40075,,Medium,,Alejandro Abarca,712020:1d442998-fd56-4a24-8e88-ec5dc34e57f7,Alejandro Abarca,712020:1d442998-fd56-4a24-8e88-ec5dc34e57f7,Alejandro Abarca,712020:1d442998-fd56-4a24-8e88-ec5dc34e57f7,26/Sep/26 5:40 PM,26/Sep/26 5:40 PM,,,,0,,,Alejandro Abarca,,712020:1d442998-fd56-4a24-8e88-ec5dc34e57f7,,,,,,,,,,,,{},,0|i000bz:,,,,,10030,KAN-31,[Negocio] Configuración,To Do,26/Sep/26 5:40 PM
Como suscriptor quiero definir mis políticas de cancelación y reprogramación (anticipación mínima y penalización) para que se apliquen a mis clientes,KAN-200,10220,Tarea,Por hacer,KAN,Paginas Web,software,JOSE ANDRES LORENZO SEGURA,62587f849e7380006fb40075,,Medium,,Alejandro Abarca,712020:1d442998-fd56-4a24-8e88-ec5dc34e57f7,Alejandro Abarca,712020:1d442998-fd56-4a24-8e88-ec5dc34e57f7,Alejandro Abarca,712020:1d442998-fd56-4a24-8e88-ec5dc34e57f7,26/Sep/26 5:40 PM,26/Sep/26 5:40 PM,,,,0,,,Alejandro Abarca,,712020:1d442998-fd56-4a24-8e88-ec5dc34e57f7,,,,,,,,,,,,{},,0|i000c7:,,,,,10063,KAN-63,[Negocio] Gestión Agenda y Reservas,To Do,26/Sep/26 5:40 PM
Como super administrador quiero suspender un negocio indicando un motivo para restringir su acceso,KAN-201,10221,Tarea,Por hacer,KAN,Paginas Web,software,JOSE ANDRES LORENZO SEGURA,62587f849e7380006fb40075,,Medium,,Alejandro Abarca,712020:1d442998-fd56-4a24-8e88-ec5dc34e57f7,Alejandro Abarca,712020:1d442998-fd56-4a24-8e88-ec5dc34e57f7,Alejandro Abarca,712020:1d442998-fd56-4a24-8e88-ec5dc34e57f7,26/Sep/26 5:41 PM,26/Sep/26 5:41 PM,,,,0,,,Alejandro Abarca,,712020:1d442998-fd56-4a24-8e88-ec5dc34e57f7,,,,,,,,,,,,{},,0|i000cf:,,,,,10175,KAN-174,[Admin] Gestión de Negocios,To Do,26/Sep/26 5:41 PM
Como suscriptor quiero crear un ticket de soporte y ver su estado y respuesta,KAN-202,10222,Tarea,Por hacer,KAN,Paginas Web,software,JOSE ANDRES LORENZO SEGURA,62587f849e7380006fb40075,,Medium,,Alejandro Abarca,712020:1d442998-fd56-4a24-8e88-ec5dc34e57f7,Alejandro Abarca,712020:1d442998-fd56-4a24-8e88-ec5dc34e57f7,Alejandro Abarca,712020:1d442998-fd56-4a24-8e88-ec5dc34e57f7,26/Sep/26 5:41 PM,26/Sep/26 5:41 PM,,,,0,,,Alejandro Abarca,,712020:1d442998-fd56-4a24-8e88-ec5dc34e57f7,,,,,,,,,,,,{},,0|i000cn:,,,,,10217,KAN-197,[Negocio] Soporte,To Do,26/Sep/26 5:41 PM
Como cliente quiero activar o desactivar los recordatorios de mis reservas,KAN-203,10223,Tarea,Por hacer,KAN,Paginas Web,software,JOSE ANDRES LORENZO SEGURA,62587f849e7380006fb40075,,Medium,,Alejandro Abarca,712020:1d442998-fd56-4a24-8e88-ec5dc34e57f7,Alejandro Abarca,712020:1d442998-fd56-4a24-8e88-ec5dc34e57f7,Alejandro Abarca,712020:1d442998-fd56-4a24-8e88-ec5dc34e57f7,26/Sep/26 5:41 PM,26/Sep/26 5:41 PM,,,,0,,,Alejandro Abarca,,712020:1d442998-fd56-4a24-8e88-ec5dc34e57f7,,,,,,,,,,,,{},,0|i000cv:,,,,,10169,KAN-168,[Cliente] Perfil y configuración,To Do,26/Sep/26 5:41 PM
Como super administrador quiero iniciar sesión en el backoffice de forma segura,KAN-204,10224,Tarea,Por hacer,KAN,Paginas Web,software,JOSE ANDRES LORENZO SEGURA,62587f849e7380006fb40075,,Medium,,Alejandro Abarca,712020:1d442998-fd56-4a24-8e88-ec5dc34e57f7,Alejandro Abarca,712020:1d442998-fd56-4a24-8e88-ec5dc34e57f7,Alejandro Abarca,712020:1d442998-fd56-4a24-8e88-ec5dc34e57f7,26/Sep/26 5:42 PM,26/Sep/26 5:42 PM,,,,0,,,Alejandro Abarca,,712020:1d442998-fd56-4a24-8e88-ec5dc34e57f7,,,,,,,,,,,,{},,0|i000d3:,,,,,10218,KAN-198,[Admin] Acceso,To Do,26/Sep/26 5:42 PM
Como suscriptor quiero que el sistema me avise al alcanzar el límite de reservas de mi plan y me ofrezca hacer upgrade,KAN-205,10225,Tarea,Por hacer,KAN,Paginas Web,software,JOSE ANDRES LORENZO SEGURA,62587f849e7380006fb40075,,Medium,,Alejandro Abarca,712020:1d442998-fd56-4a24-8e88-ec5dc34e57f7,Alejandro Abarca,712020:1d442998-fd56-4a24-8e88-ec5dc34e57f7,Alejandro Abarca,712020:1d442998-fd56-4a24-8e88-ec5dc34e57f7,26/Sep/26 5:42 PM,26/Sep/26 5:42 PM,,,,0,,,Alejandro Abarca,,712020:1d442998-fd56-4a24-8e88-ec5dc34e57f7,,,,,,,,,,,,{},,0|i000db:,,,,,10031,KAN-32,[Negocio] Gestión de suscripción,To Do,26/Sep/26 5:42 PM
Como cliente quiero ver el precio con el descuento aplicado en el resumen antes de confirmar,KAN-206,10226,Tarea,Por hacer,KAN,Paginas Web,software,JOSE ANDRES LORENZO SEGURA,62587f849e7380006fb40075,,Medium,,Alejandro Abarca,712020:1d442998-fd56-4a24-8e88-ec5dc34e57f7,Alejandro Abarca,712020:1d442998-fd56-4a24-8e88-ec5dc34e57f7,Alejandro Abarca,712020:1d442998-fd56-4a24-8e88-ec5dc34e57f7,26/Sep/26 5:42 PM,26/Sep/26 5:42 PM,,,,0,,,Alejandro Abarca,,712020:1d442998-fd56-4a24-8e88-ec5dc34e57f7,,,,,,,,,,,,{},,0|i000dj:,,,,,10146,KAN-145,[Cliente] Gestión de reservaciones,To Do,26/Sep/26 5:42 PM
Como colaborador quiero iniciar sesión en el panel del negocio para acceder a las funcionalidades permitidas según mi rol y permisos.,KAN-207,10257,Tarea,Por hacer,KAN,Paginas Web,software,JOSE ANDRES LORENZO SEGURA,62587f849e7380006fb40075,,Medium,,JOSE ANDRES LORENZO SEGURA,62587f849e7380006fb40075,Alejandro Abarca,712020:1d442998-fd56-4a24-8e88-ec5dc34e57f7,Alejandro Abarca,712020:1d442998-fd56-4a24-8e88-ec5dc34e57f7,28/Sep/26 6:47 PM,29/Sep/26 7:13 PM,,,,0,,,Alejandro Abarca,,712020:1d442998-fd56-4a24-8e88-ec5dc34e57f7,,,,,,,,,,,,{},,0|i000dr:,,,,,10027,KAN-28,[Negocio] Login del suscriptor,To Do,28/Sep/26 6:47 PM
"Como super administrador, quiero aprobar o rechazar la activación de un negocio pendiente para controlar su acceso a la plataforma",KAN-208,10258,Tarea,Por hacer,KAN,Paginas Web,software,JOSE ANDRES LORENZO SEGURA,62587f849e7380006fb40075,,Medium,,,,Alejandro Abarca,712020:1d442998-fd56-4a24-8e88-ec5dc34e57f7,Alejandro Abarca,712020:1d442998-fd56-4a24-8e88-ec5dc34e57f7,28/Sep/26 6:59 PM,28/Sep/26 6:59 PM,,,,0,,,Alejandro Abarca,,712020:1d442998-fd56-4a24-8e88-ec5dc34e57f7,,,,,,,,,,,,{},,0|i000dz:,,,,,10175,KAN-174,[Admin] Gestión de Negocios,To Do,28/Sep/26 6:59 PM
Como visitante quiero acceder a la página pública de un negocio mediante su enlace para consultar su información y servicios.,KAN-209,10259,Tarea,Por hacer,KAN,Paginas Web,software,JOSE ANDRES LORENZO SEGURA,62587f849e7380006fb40075,,Medium,,,,Alejandro Abarca,712020:1d442998-fd56-4a24-8e88-ec5dc34e57f7,Alejandro Abarca,712020:1d442998-fd56-4a24-8e88-ec5dc34e57f7,28/Sep/26 7:10 PM,28/Sep/26 7:10 PM,,,,0,,,Alejandro Abarca,,712020:1d442998-fd56-4a24-8e88-ec5dc34e57f7,,,,,,,,,,,,{},,0|i000e7:,,,,,10112,KAN-111,[Cliente] Página principal del negocio,To Do,28/Sep/26 7:10 PM
Como visitante quiero que se me solicite iniciar sesión o registrarme al intentar reservar para poder continuar con el proceso de reservación.,KAN-210,10260,Tarea,Por hacer,KAN,Paginas Web,software,JOSE ANDRES LORENZO SEGURA,62587f849e7380006fb40075,,Medium,,,,Alejandro Abarca,712020:1d442998-fd56-4a24-8e88-ec5dc34e57f7,Alejandro Abarca,712020:1d442998-fd56-4a24-8e88-ec5dc34e57f7,28/Sep/26 7:18 PM,28/Sep/26 7:18 PM,,,,0,,,Alejandro Abarca,,712020:1d442998-fd56-4a24-8e88-ec5dc34e57f7,,,,,,,,,,,,{},,0|i000ef:,,,,,10112,KAN-111,[Cliente] Página principal del negocio,To Do,28/Sep/26 7:18 PM
