Resumen,Clave de incidencia,ID de la incidencia,Tipo de Incidencia,Estado,Clave del proyecto,Nombre del proyecto,Tipo de proyecto,Responsable del proyecto,ID del responsable del proyecto,Descripción del proyecto,Prioridad,Resolución,Persona asignada,ID de la persona asignada,Informador,ID del informador,Creador,ID del creador,Creada,Actualizada,Vista por Última Vez,Resuelta,Fecha de vencimiento,Votos,Descripción,Entorno,Interesados,ID de los interesados,Estimación original,Trabajo restante estimado,Tiempo Trabajado,Relación de trabajo,Σ Estimación original,Σ Trabajo restante estimado,Σ Tiempo empleado,Nivel de Seguridad,Campo personalizado (Clasificación),Campo personalizado (Color de la incidencia),Campo personalizado (Fecha de inicio),Campo personalizado (Team),Campo personalizado (Vulnerabilidad),Campo personalizado (development),Categoría de estado,Categoría de estado cambiada,Principal,Clave principal,Parent summary
"Como super administrador, quiero filtrar el historial de auditoría por fecha y tipo de acción para encontrar eventos específicos rápidamente.",KAN-195,10196,Tarea,Por hacer,KAN,Paginas Web,software,JOSE ANDRES LORENZO SEGURA,62587f849e7380006fb40075,,Medium,,,,JOSE ANDRES LORENZO SEGURA,62587f849e7380006fb40075,JOSE ANDRES LORENZO SEGURA,62587f849e7380006fb40075,24/ago/26 1:02 PM,22/sep/26 2:43 PM,,,,0,,,JOSE ANDRES LORENZO SEGURA,62587f849e7380006fb40075,,,,,,,,,0|i000b3:,,,,,{},Por hacer,24/ago/26 1:02 PM,10194,KAN-193,Auditoría y Trazabilidad de Acciones
"Como super administrador, quiero consultar un historial de auditoría (logs) donde se registren mis acciones críticas (aprobaciones, suspenciones, cambios de planes, ediciones de precios) para garantizar la trazabilidad y seguridad del sistema.",KAN-194,10195,Tarea,Por hacer,KAN,Paginas Web,software,JOSE ANDRES LORENZO SEGURA,62587f849e7380006fb40075,,Medium,,,,JOSE ANDRES LORENZO SEGURA,62587f849e7380006fb40075,JOSE ANDRES LORENZO SEGURA,62587f849e7380006fb40075,24/ago/26 1:02 PM,24/ago/26 1:02 PM,,,,0,,,JOSE ANDRES LORENZO SEGURA,62587f849e7380006fb40075,,,,,,,,,0|i000av:,,,,,{},Por hacer,24/ago/26 1:02 PM,10194,KAN-193,Auditoría y Trazabilidad de Acciones
Auditoría y Trazabilidad de Acciones,KAN-193,10194,Epic,Por hacer,KAN,Paginas Web,software,JOSE ANDRES LORENZO SEGURA,62587f849e7380006fb40075,,Medium,,,,JOSE ANDRES LORENZO SEGURA,62587f849e7380006fb40075,JOSE ANDRES LORENZO SEGURA,62587f849e7380006fb40075,24/ago/26 1:02 PM,24/ago/26 1:02 PM,24/ago/26 1:02 PM,,,0,,,JOSE ANDRES LORENZO SEGURA,62587f849e7380006fb40075,,,,,,,,,0|i000an:,,,,,{},Por hacer,24/ago/26 1:02 PM,,,
"Como super administrador, quiero cerrar o marcar como resuelto un ticket de sport una vez que la consulta haya sido atendida.",KAN-192,10193,Tarea,Por hacer,KAN,Paginas Web,software,JOSE ANDRES LORENZO SEGURA,62587f849e7380006fb40075,,Medium,,,,JOSE ANDRES LORENZO SEGURA,62587f849e7380006fb40075,JOSE ANDRES LORENZO SEGURA,62587f849e7380006fb40075,24/ago/26 1:01 PM,24/ago/26 1:01 PM,,,,0,,,JOSE ANDRES LORENZO SEGURA,62587f849e7380006fb40075,,,,,,,,,0|i000af:,,,,,{},Por hacer,24/ago/26 1:01 PM,10190,KAN-189,Gestión de Soporte y Consultas (Ticketing)
"Como super administrador, quiero responder a una consulta o ticket directamente desde el panel, enviando la respuesta al correo del dueño del negocio.",KAN-191,10192,Tarea,Por hacer,KAN,Paginas Web,software,JOSE ANDRES LORENZO SEGURA,62587f849e7380006fb40075,,Medium,,,,JOSE ANDRES LORENZO SEGURA,62587f849e7380006fb40075,JOSE ANDRES LORENZO SEGURA,62587f849e7380006fb40075,24/ago/26 1:01 PM,24/ago/26 1:01 PM,,,,0,,,JOSE ANDRES LORENZO SEGURA,62587f849e7380006fb40075,,,,,,,,,0|i000a7:,,,,,{},Por hacer,24/ago/26 1:01 PM,10190,KAN-189,Gestión de Soporte y Consultas (Ticketing)
"Como super administrador, quiero ver un listado paginado de todos los tickets de soporte creados por los dueños de negocio, con su estado (abierto, en proceso, resuelto), para gestionar las incidencias",KAN-190,10191,Tarea,Por hacer,KAN,Paginas Web,software,JOSE ANDRES LORENZO SEGURA,62587f849e7380006fb40075,,Medium,,,,JOSE ANDRES LORENZO SEGURA,62587f849e7380006fb40075,JOSE ANDRES LORENZO SEGURA,62587f849e7380006fb40075,24/ago/26 1:01 PM,24/ago/26 1:01 PM,,,,0,,,JOSE ANDRES LORENZO SEGURA,62587f849e7380006fb40075,,,,,,,,,0|i0009z:,,,,,{},Por hacer,24/ago/26 1:01 PM,10190,KAN-189,Gestión de Soporte y Consultas (Ticketing)
Gestión de Soporte y Consultas (Ticketing),KAN-189,10190,Epic,Por hacer,KAN,Paginas Web,software,JOSE ANDRES LORENZO SEGURA,62587f849e7380006fb40075,,Medium,,,,JOSE ANDRES LORENZO SEGURA,62587f849e7380006fb40075,JOSE ANDRES LORENZO SEGURA,62587f849e7380006fb40075,24/ago/26 1:00 PM,24/ago/26 1:00 PM,24/ago/26 1:01 PM,,,0,,,JOSE ANDRES LORENZO SEGURA,62587f849e7380006fb40075,,,,,,,,,0|i0009r:,,,,,{},Por hacer,24/ago/26 1:00 PM,,,
"Como super administrador, quiero ver notificaciones o alertas de negocios con suscripciones a punto de vencer para hacer seguimiento proactivo.",KAN-188,10189,Tarea,Por hacer,KAN,Paginas Web,software,JOSE ANDRES LORENZO SEGURA,62587f849e7380006fb40075,,Medium,,,,JOSE ANDRES LORENZO SEGURA,62587f849e7380006fb40075,JOSE ANDRES LORENZO SEGURA,62587f849e7380006fb40075,24/ago/26 1:00 PM,24/ago/26 1:00 PM,,,,0,,,JOSE ANDRES LORENZO SEGURA,62587f849e7380006fb40075,,,,,,,,,0|i0009j:,,,,,{},Por hacer,24/ago/26 1:00 PM,10187,KAN-186,Dashboard y Panel de control Global
"Como super administrador, quiero visualizar un dashboard con métricas generales de la plataforma, como el total de negocios activos, ingresos simulados totales generados por suscripciones y cantidad de reservas globales, para medir el rendimiento del SaaS",KAN-187,10188,Tarea,Por hacer,KAN,Paginas Web,software,JOSE ANDRES LORENZO SEGURA,62587f849e7380006fb40075,,Medium,,,,JOSE ANDRES LORENZO SEGURA,62587f849e7380006fb40075,JOSE ANDRES LORENZO SEGURA,62587f849e7380006fb40075,24/ago/26 1:00 PM,24/ago/26 1:00 PM,,,,0,,,JOSE ANDRES LORENZO SEGURA,62587f849e7380006fb40075,,,,,,,,,0|i0009b:,,,,,{},Por hacer,24/ago/26 1:00 PM,10187,KAN-186,Dashboard y Panel de control Global
Dashboard y Panel de control Global,KAN-186,10187,Epic,Por hacer,KAN,Paginas Web,software,JOSE ANDRES LORENZO SEGURA,62587f849e7380006fb40075,,Medium,,,,JOSE ANDRES LORENZO SEGURA,62587f849e7380006fb40075,JOSE ANDRES LORENZO SEGURA,62587f849e7380006fb40075,24/ago/26 1:00 PM,24/ago/26 1:00 PM,24/ago/26 1:00 PM,,,0,,,JOSE ANDRES LORENZO SEGURA,62587f849e7380006fb40075,,,,,,,,,0|i00093:,,,,,{},Por hacer,24/ago/26 1:00 PM,,,
"Como super administrador, quiero ver el listado completo de todos los planes creados en el sistema para gestionarlos de forma centralizada.",KAN-185,10186,Tarea,Por hacer,KAN,Paginas Web,software,JOSE ANDRES LORENZO SEGURA,62587f849e7380006fb40075,,Medium,,,,JOSE ANDRES LORENZO SEGURA,62587f849e7380006fb40075,JOSE ANDRES LORENZO SEGURA,62587f849e7380006fb40075,24/ago/26 12:59 PM,24/ago/26 12:59 PM,,,,0,,,JOSE ANDRES LORENZO SEGURA,62587f849e7380006fb40075,,,,,,,,,0|i0008v:,,,,,{},Por hacer,24/ago/26 12:59 PM,10181,KAN-180,Gestión Global de Planes de Suscripción
"Como super administrador, quiero activar o desactivar un plan de suscripción para ocultarlo del catálogo público, evitando nuevas contrataciones, pero manteniendo activos a los negocios que ya lo tienen contratado.",KAN-184,10185,Tarea,Por hacer,KAN,Paginas Web,software,JOSE ANDRES LORENZO SEGURA,62587f849e7380006fb40075,,Medium,,,,JOSE ANDRES LORENZO SEGURA,62587f849e7380006fb40075,JOSE ANDRES LORENZO SEGURA,62587f849e7380006fb40075,24/ago/26 12:59 PM,24/ago/26 12:59 PM,,,,0,,,JOSE ANDRES LORENZO SEGURA,62587f849e7380006fb40075,,,,,,,,,0|i0008n:,,,,,{},Por hacer,24/ago/26 12:59 PM,10181,KAN-180,Gestión Global de Planes de Suscripción
"Como super administrador, quiero editar la información de un plan existente (precio, beneficios o duración) para actualizar la oferta comercial sin eliminar el plan.",KAN-183,10184,Tarea,Por hacer,KAN,Paginas Web,software,JOSE ANDRES LORENZO SEGURA,62587f849e7380006fb40075,,Medium,,,,JOSE ANDRES LORENZO SEGURA,62587f849e7380006fb40075,JOSE ANDRES LORENZO SEGURA,62587f849e7380006fb40075,24/ago/26 12:59 PM,24/ago/26 12:59 PM,,,,0,,,JOSE ANDRES LORENZO SEGURA,62587f849e7380006fb40075,,,,,,,,,0|i0008f:,,,,,{},Por hacer,24/ago/26 12:59 PM,10181,KAN-180,Gestión Global de Planes de Suscripción
"Como super admin, quiero configurar parámetros globales de la plataforma desde un panel de ajustes, (tiempo máximo de inactividad, días de gracia permitidos después del vencimiento de la suscripción y límite máximo de reservas por negocio)",KAN-182,10183,Tarea,Por hacer,KAN,Paginas Web,software,JOSE ANDRES LORENZO SEGURA,62587f849e7380006fb40075,,Medium,,,,JOSE ANDRES LORENZO SEGURA,62587f849e7380006fb40075,JOSE ANDRES LORENZO SEGURA,62587f849e7380006fb40075,24/ago/26 12:58 PM,24/ago/26 12:58 PM,,,,0,,,JOSE ANDRES LORENZO SEGURA,62587f849e7380006fb40075,,,,,,,,,0|i00087:,,,,,{},Por hacer,24/ago/26 12:58 PM,10181,KAN-180,Gestión Global de Planes de Suscripción
"Como super administrador, quiero crear nuevos planes de suscripción definiendo: nombre, precio, duración (mensual/anual), lista de características incluidas y límites (ej. número de colaboradores, reservas máximas), para ofrecer variedad al mercado.",KAN-181,10182,Tarea,Por hacer,KAN,Paginas Web,software,JOSE ANDRES LORENZO SEGURA,62587f849e7380006fb40075,,Medium,,,,JOSE ANDRES LORENZO SEGURA,62587f849e7380006fb40075,JOSE ANDRES LORENZO SEGURA,62587f849e7380006fb40075,24/ago/26 12:54 PM,24/ago/26 12:54 PM,,,,0,,,JOSE ANDRES LORENZO SEGURA,62587f849e7380006fb40075,,,,,,,,,0|i0007z:,,,,,{},Por hacer,24/ago/26 12:54 PM,10181,KAN-180,Gestión Global de Planes de Suscripción
Gestión Global de Planes de Suscripción,KAN-180,10181,Epic,Por hacer,KAN,Paginas Web,software,JOSE ANDRES LORENZO SEGURA,62587f849e7380006fb40075,,Medium,,,,JOSE ANDRES LORENZO SEGURA,62587f849e7380006fb40075,JOSE ANDRES LORENZO SEGURA,62587f849e7380006fb40075,24/ago/26 12:53 PM,24/ago/26 12:53 PM,24/ago/26 12:55 PM,,,0,,,JOSE ANDRES LORENZO SEGURA,62587f849e7380006fb40075,,,,,,,,,0|i0007r:,,,,,{},Por hacer,24/ago/26 12:53 PM,,,
"Como super administrador, quiero reactivar un negocio que haya sido suspendido previamente para restaurar su acceso y funcionalidades.",KAN-179,10180,Tarea,Por hacer,KAN,Paginas Web,software,JOSE ANDRES LORENZO SEGURA,62587f849e7380006fb40075,,Medium,,,,JOSE ANDRES LORENZO SEGURA,62587f849e7380006fb40075,JOSE ANDRES LORENZO SEGURA,62587f849e7380006fb40075,24/ago/26 12:53 PM,24/ago/26 12:53 PM,,,,0,,,JOSE ANDRES LORENZO SEGURA,62587f849e7380006fb40075,,,,,,,,,0|i0007j:,,,,,{},Por hacer,24/ago/26 12:53 PM,10175,KAN-174,Gestión de Negocios
"Como superadmin, quiero consultar el historial completo de transacciones de un negocio en particular directamente desde su perfil en el panel Super Admin, para resolver dudas de facturación o verificar el estado de sus pagos",KAN-178,10179,Tarea,Por hacer,KAN,Paginas Web,software,JOSE ANDRES LORENZO SEGURA,62587f849e7380006fb40075,,Medium,,,,JOSE ANDRES LORENZO SEGURA,62587f849e7380006fb40075,JOSE ANDRES LORENZO SEGURA,62587f849e7380006fb40075,24/ago/26 12:53 PM,24/ago/26 12:53 PM,,,,0,,,JOSE ANDRES LORENZO SEGURA,62587f849e7380006fb40075,,,,,,,,,0|i0007b:,,,,,{},Por hacer,24/ago/26 12:53 PM,10175,KAN-174,Gestión de Negocios
"Como super administrador, quiero ver un tablero o listado cronológico de todos los negocios que se han activado (con su fecha, plan contratado y datos básicos), únicamente con fines informativos y de trazabilidad)",KAN-177,10178,Tarea,Por hacer,KAN,Paginas Web,software,JOSE ANDRES LORENZO SEGURA,62587f849e7380006fb40075,,Medium,,,,JOSE ANDRES LORENZO SEGURA,62587f849e7380006fb40075,JOSE ANDRES LORENZO SEGURA,62587f849e7380006fb40075,24/ago/26 12:51 PM,24/ago/26 12:51 PM,,,,0,,,JOSE ANDRES LORENZO SEGURA,62587f849e7380006fb40075,,,,,,,,,0|i00073:,,,,,{},Por hacer,24/ago/26 12:51 PM,10175,KAN-174,Gestión de Negocios
"Como super administrador, quiero que la cuenta del negocio se active automáticamente en el momento que se confirme el pago de la suscripción, permitiendo el duelo acceder al panel de administración de forma inmediata.",KAN-176,10177,Tarea,Por hacer,KAN,Paginas Web,software,JOSE ANDRES LORENZO SEGURA,62587f849e7380006fb40075,,Medium,,,,JOSE ANDRES LORENZO SEGURA,62587f849e7380006fb40075,JOSE ANDRES LORENZO SEGURA,62587f849e7380006fb40075,24/ago/26 12:51 PM,24/ago/26 12:51 PM,,,,0,,,JOSE ANDRES LORENZO SEGURA,62587f849e7380006fb40075,,,,,,,,,0|i0006v:,,,,,{},Por hacer,24/ago/26 12:51 PM,10175,KAN-174,Gestión de Negocios
"Como super administrador, quiero ver una tabla con tofos los negocios registrados en la plataforma, con filtros por estado(Activo, inactivo, pendiente), fecha de registro y plan contratado para tener una visión general del cosistema",KAN-175,10176,Tarea,Por hacer,KAN,Paginas Web,software,JOSE ANDRES LORENZO SEGURA,62587f849e7380006fb40075,,Medium,,,,JOSE ANDRES LORENZO SEGURA,62587f849e7380006fb40075,JOSE ANDRES LORENZO SEGURA,62587f849e7380006fb40075,24/ago/26 12:51 PM,24/ago/26 12:51 PM,,,,0,,,JOSE ANDRES LORENZO SEGURA,62587f849e7380006fb40075,,,,,,,,,0|i0006n:,,,,,{},Por hacer,24/ago/26 12:51 PM,10175,KAN-174,Gestión de Negocios
Gestión de Negocios,KAN-174,10175,Epic,Por hacer,KAN,Paginas Web,software,JOSE ANDRES LORENZO SEGURA,62587f849e7380006fb40075,,Medium,,,,JOSE ANDRES LORENZO SEGURA,62587f849e7380006fb40075,JOSE ANDRES LORENZO SEGURA,62587f849e7380006fb40075,24/ago/26 12:45 PM,24/ago/26 12:45 PM,26/ago/26 2:31 PM,,,0,,,JOSE ANDRES LORENZO SEGURA,62587f849e7380006fb40075,,,,,,,,,0|i0006f:,,,,,{},Por hacer,24/ago/26 12:45 PM,,,
Como cliente quiero cambiar la apariencia de la interfaz entre modo claro y oscuro.,KAN-173,10174,Tarea,Por hacer,KAN,Paginas Web,software,JOSE ANDRES LORENZO SEGURA,62587f849e7380006fb40075,,Medium,,,,CRISTIAN ALONSO ROJAS ALFARO,712020:10d48efb-6240-4d70-8b06-f9a54e505f50,CRISTIAN ALONSO ROJAS ALFARO,712020:10d48efb-6240-4d70-8b06-f9a54e505f50,23/ago/26 11:43 PM,23/ago/26 11:43 PM,,,,0,,,CRISTIAN ALONSO ROJAS ALFARO,712020:10d48efb-6240-4d70-8b06-f9a54e505f50,,,,,,,,,0|i0005z:i,,,,,{},Por hacer,23/ago/26 11:43 PM,10169,KAN-168,Settings / Perfil
Como cliente quiero cambiar el idioma de la interfaz entre inglés y español.,KAN-172,10173,Tarea,Por hacer,KAN,Paginas Web,software,JOSE ANDRES LORENZO SEGURA,62587f849e7380006fb40075,,Medium,,,,CRISTIAN ALONSO ROJAS ALFARO,712020:10d48efb-6240-4d70-8b06-f9a54e505f50,CRISTIAN ALONSO ROJAS ALFARO,712020:10d48efb-6240-4d70-8b06-f9a54e505f50,23/ago/26 11:43 PM,23/ago/26 11:43 PM,,,,0,,,CRISTIAN ALONSO ROJAS ALFARO,712020:10d48efb-6240-4d70-8b06-f9a54e505f50,,,,,,,,,0|i00060:,,,,,{},Por hacer,23/ago/26 11:43 PM,10169,KAN-168,Settings / Perfil
Como cliente quiero cambiar mi contraseña para mantener segura mi cuenta.,KAN-171,10172,Tarea,Por hacer,KAN,Paginas Web,software,JOSE ANDRES LORENZO SEGURA,62587f849e7380006fb40075,,Medium,,,,CRISTIAN ALONSO ROJAS ALFARO,712020:10d48efb-6240-4d70-8b06-f9a54e505f50,CRISTIAN ALONSO ROJAS ALFARO,712020:10d48efb-6240-4d70-8b06-f9a54e505f50,23/ago/26 11:43 PM,23/ago/26 11:43 PM,,,,0,,,CRISTIAN ALONSO ROJAS ALFARO,712020:10d48efb-6240-4d70-8b06-f9a54e505f50,,,,,,,,,0|i00061:,,,,,{},Por hacer,23/ago/26 11:43 PM,10169,KAN-168,Settings / Perfil
Como cliente quiero modificar mis datos personales para mantener mi información actualizada.,KAN-170,10171,Tarea,Por hacer,KAN,Paginas Web,software,JOSE ANDRES LORENZO SEGURA,62587f849e7380006fb40075,,Medium,,,,CRISTIAN ALONSO ROJAS ALFARO,712020:10d48efb-6240-4d70-8b06-f9a54e505f50,CRISTIAN ALONSO ROJAS ALFARO,712020:10d48efb-6240-4d70-8b06-f9a54e505f50,23/ago/26 11:43 PM,23/ago/26 11:43 PM,,,,0,,,CRISTIAN ALONSO ROJAS ALFARO,712020:10d48efb-6240-4d70-8b06-f9a54e505f50,,,,,,,,,0|i00063:,,,,,{},Por hacer,23/ago/26 11:43 PM,10169,KAN-168,Settings / Perfil
Como cliente quiero consultar mis datos personales para verificar la información asociada a mi cuenta.,KAN-169,10170,Tarea,Por hacer,KAN,Paginas Web,software,JOSE ANDRES LORENZO SEGURA,62587f849e7380006fb40075,,Medium,,,,CRISTIAN ALONSO ROJAS ALFARO,712020:10d48efb-6240-4d70-8b06-f9a54e505f50,CRISTIAN ALONSO ROJAS ALFARO,712020:10d48efb-6240-4d70-8b06-f9a54e505f50,23/ago/26 11:43 PM,23/ago/26 11:43 PM,,,,0,,,CRISTIAN ALONSO ROJAS ALFARO,712020:10d48efb-6240-4d70-8b06-f9a54e505f50,,,,,,,,,0|i00067:,,,,,{},Por hacer,23/ago/26 11:43 PM,10169,KAN-168,Settings / Perfil
Settings / Perfil,KAN-168,10169,Epic,Por hacer,KAN,Paginas Web,software,JOSE ANDRES LORENZO SEGURA,62587f849e7380006fb40075,,Medium,,,,CRISTIAN ALONSO ROJAS ALFARO,712020:10d48efb-6240-4d70-8b06-f9a54e505f50,CRISTIAN ALONSO ROJAS ALFARO,712020:10d48efb-6240-4d70-8b06-f9a54e505f50,23/ago/26 11:43 PM,23/ago/26 11:43 PM,24/ago/26 12:54 PM,,,0,,,CRISTIAN ALONSO ROJAS ALFARO,712020:10d48efb-6240-4d70-8b06-f9a54e505f50,,,,,,,,,0|i0000y:mvwbnb5,,,,,{},Por hacer,23/ago/26 11:43 PM,,,
Como cliente quiero recibir una notificación cuando una reservación sea cancelada.,KAN-167,10168,Tarea,Por hacer,KAN,Paginas Web,software,JOSE ANDRES LORENZO SEGURA,62587f849e7380006fb40075,,Medium,,,,CRISTIAN ALONSO ROJAS ALFARO,712020:10d48efb-6240-4d70-8b06-f9a54e505f50,CRISTIAN ALONSO ROJAS ALFARO,712020:10d48efb-6240-4d70-8b06-f9a54e505f50,23/ago/26 11:43 PM,23/ago/26 11:43 PM,,,,0,,,CRISTIAN ALONSO ROJAS ALFARO,712020:10d48efb-6240-4d70-8b06-f9a54e505f50,,,,,,,,,0|i0005s:,,,,,{},Por hacer,23/ago/26 11:43 PM,10164,KAN-163,Notificaciones y recordatorios
Como cliente quiero recibir una notificación cuando una reservación sea reprogramada.,KAN-166,10167,Tarea,Por hacer,KAN,Paginas Web,software,JOSE ANDRES LORENZO SEGURA,62587f849e7380006fb40075,,Medium,,,,CRISTIAN ALONSO ROJAS ALFARO,712020:10d48efb-6240-4d70-8b06-f9a54e505f50,CRISTIAN ALONSO ROJAS ALFARO,712020:10d48efb-6240-4d70-8b06-f9a54e505f50,23/ago/26 11:42 PM,23/ago/26 11:42 PM,,,,0,,,CRISTIAN ALONSO ROJAS ALFARO,712020:10d48efb-6240-4d70-8b06-f9a54e505f50,,,,,,,,,0|i0005t:,,,,,{},Por hacer,23/ago/26 11:42 PM,10164,KAN-163,Notificaciones y recordatorios
Como cliente quiero recibir recordatorios antes de una cita para reducir la posibilidad de olvidarla.,KAN-165,10166,Tarea,Por hacer,KAN,Paginas Web,software,JOSE ANDRES LORENZO SEGURA,62587f849e7380006fb40075,,Medium,,,,CRISTIAN ALONSO ROJAS ALFARO,712020:10d48efb-6240-4d70-8b06-f9a54e505f50,CRISTIAN ALONSO ROJAS ALFARO,712020:10d48efb-6240-4d70-8b06-f9a54e505f50,23/ago/26 11:42 PM,23/ago/26 11:42 PM,,,,0,,,CRISTIAN ALONSO ROJAS ALFARO,712020:10d48efb-6240-4d70-8b06-f9a54e505f50,,,,,,,,,0|i0005v:,,,,,{},Por hacer,23/ago/26 11:42 PM,10164,KAN-163,Notificaciones y recordatorios
Como cliente quiero recibir una confirmación por correo cuando realice una reservación para tener constancia de la cita.,KAN-164,10165,Tarea,Por hacer,KAN,Paginas Web,software,JOSE ANDRES LORENZO SEGURA,62587f849e7380006fb40075,,Medium,,,,CRISTIAN ALONSO ROJAS ALFARO,712020:10d48efb-6240-4d70-8b06-f9a54e505f50,CRISTIAN ALONSO ROJAS ALFARO,712020:10d48efb-6240-4d70-8b06-f9a54e505f50,23/ago/26 11:42 PM,23/ago/26 11:42 PM,,,,0,,,CRISTIAN ALONSO ROJAS ALFARO,712020:10d48efb-6240-4d70-8b06-f9a54e505f50,,,,,,,,,0|i0005z:,,,,,{},Por hacer,23/ago/26 11:42 PM,10164,KAN-163,Notificaciones y recordatorios
Notificaciones y recordatorios,KAN-163,10164,Epic,Por hacer,KAN,Paginas Web,software,JOSE ANDRES LORENZO SEGURA,62587f849e7380006fb40075,,Medium,,,,CRISTIAN ALONSO ROJAS ALFARO,712020:10d48efb-6240-4d70-8b06-f9a54e505f50,CRISTIAN ALONSO ROJAS ALFARO,712020:10d48efb-6240-4d70-8b06-f9a54e505f50,23/ago/26 11:41 PM,23/ago/26 11:43 PM,,,,0,,,CRISTIAN ALONSO ROJAS ALFARO,712020:10d48efb-6240-4d70-8b06-f9a54e505f50,,,,,,,,,0|i0000y:mvwbnb4r,,,,,{},Por hacer,23/ago/26 11:41 PM,,,
Como cliente quiero recibir una confirmación cuando mi reservación haya sido reprogramada o cancelada correctamente.,KAN-162,10163,Tarea,Por hacer,KAN,Paginas Web,software,JOSE ANDRES LORENZO SEGURA,62587f849e7380006fb40075,,Medium,,,,CRISTIAN ALONSO ROJAS ALFARO,712020:10d48efb-6240-4d70-8b06-f9a54e505f50,CRISTIAN ALONSO ROJAS ALFARO,712020:10d48efb-6240-4d70-8b06-f9a54e505f50,23/ago/26 11:41 PM,23/ago/26 11:41 PM,,,,0,,,CRISTIAN ALONSO ROJAS ALFARO,712020:10d48efb-6240-4d70-8b06-f9a54e505f50,,,,,,,,,0|i0005j:4,,,,,{},Por hacer,23/ago/26 11:41 PM,10156,KAN-155,Reprogramación y cancelación de reservaciones
Como cliente quiero conocer si existe alguna penalización asociada antes de reprogramar o cancelar una reservación.,KAN-161,10162,Tarea,Por hacer,KAN,Paginas Web,software,JOSE ANDRES LORENZO SEGURA,62587f849e7380006fb40075,,Medium,,,,CRISTIAN ALONSO ROJAS ALFARO,712020:10d48efb-6240-4d70-8b06-f9a54e505f50,CRISTIAN ALONSO ROJAS ALFARO,712020:10d48efb-6240-4d70-8b06-f9a54e505f50,23/ago/26 11:41 PM,23/ago/26 11:41 PM,,,,0,,,CRISTIAN ALONSO ROJAS ALFARO,712020:10d48efb-6240-4d70-8b06-f9a54e505f50,,,,,,,,,0|i0005j:9,,,,,{},Por hacer,23/ago/26 11:41 PM,10156,KAN-155,Reprogramación y cancelación de reservaciones
Como cliente quiero visualizar las políticas de cancelación antes de confirmar la cancelación.,KAN-160,10161,Tarea,Por hacer,KAN,Paginas Web,software,JOSE ANDRES LORENZO SEGURA,62587f849e7380006fb40075,,Medium,,,,CRISTIAN ALONSO ROJAS ALFARO,712020:10d48efb-6240-4d70-8b06-f9a54e505f50,CRISTIAN ALONSO ROJAS ALFARO,712020:10d48efb-6240-4d70-8b06-f9a54e505f50,23/ago/26 11:41 PM,23/ago/26 11:41 PM,,,,0,,,CRISTIAN ALONSO ROJAS ALFARO,712020:10d48efb-6240-4d70-8b06-f9a54e505f50,,,,,,,,,0|i0005j:i,,,,,{},Por hacer,23/ago/26 11:41 PM,10156,KAN-155,Reprogramación y cancelación de reservaciones
Como cliente quiero cancelar una reservación futura cuando ya no pueda asistir.,KAN-159,10160,Tarea,Por hacer,KAN,Paginas Web,software,JOSE ANDRES LORENZO SEGURA,62587f849e7380006fb40075,,Medium,,,,CRISTIAN ALONSO ROJAS ALFARO,712020:10d48efb-6240-4d70-8b06-f9a54e505f50,CRISTIAN ALONSO ROJAS ALFARO,712020:10d48efb-6240-4d70-8b06-f9a54e505f50,23/ago/26 11:41 PM,23/ago/26 11:41 PM,,,,0,,,CRISTIAN ALONSO ROJAS ALFARO,712020:10d48efb-6240-4d70-8b06-f9a54e505f50,,,,,,,,,0|i0005k:,,,,,{},Por hacer,23/ago/26 11:41 PM,10156,KAN-155,Reprogramación y cancelación de reservaciones
Como cliente quiero cambiar la fecha u horario de una reservación siempre que cumpla con las políticas establecidas por el negocio.,KAN-158,10159,Tarea,Por hacer,KAN,Paginas Web,software,JOSE ANDRES LORENZO SEGURA,62587f849e7380006fb40075,,Medium,,,,CRISTIAN ALONSO ROJAS ALFARO,712020:10d48efb-6240-4d70-8b06-f9a54e505f50,CRISTIAN ALONSO ROJAS ALFARO,712020:10d48efb-6240-4d70-8b06-f9a54e505f50,23/ago/26 11:40 PM,23/ago/26 11:40 PM,,,,0,,,CRISTIAN ALONSO ROJAS ALFARO,712020:10d48efb-6240-4d70-8b06-f9a54e505f50,,,,,,,,,0|i0005l:,,,,,{},Por hacer,23/ago/26 11:40 PM,10156,KAN-155,Reprogramación y cancelación de reservaciones
Como cliente quiero consultar nuevas fechas y horarios disponibles antes de modificar una reservación.,KAN-157,10158,Tarea,Por hacer,KAN,Paginas Web,software,JOSE ANDRES LORENZO SEGURA,62587f849e7380006fb40075,,Medium,,,,CRISTIAN ALONSO ROJAS ALFARO,712020:10d48efb-6240-4d70-8b06-f9a54e505f50,CRISTIAN ALONSO ROJAS ALFARO,712020:10d48efb-6240-4d70-8b06-f9a54e505f50,23/ago/26 11:40 PM,23/ago/26 11:40 PM,,,,0,,,CRISTIAN ALONSO ROJAS ALFARO,712020:10d48efb-6240-4d70-8b06-f9a54e505f50,,,,,,,,,0|i0005n:,,,,,{},Por hacer,23/ago/26 11:40 PM,10156,KAN-155,Reprogramación y cancelación de reservaciones
Como cliente quiero seleccionar una reservación futura para solicitar su reprogramación.,KAN-156,10157,Tarea,Por hacer,KAN,Paginas Web,software,JOSE ANDRES LORENZO SEGURA,62587f849e7380006fb40075,,Medium,,,,CRISTIAN ALONSO ROJAS ALFARO,712020:10d48efb-6240-4d70-8b06-f9a54e505f50,CRISTIAN ALONSO ROJAS ALFARO,712020:10d48efb-6240-4d70-8b06-f9a54e505f50,23/ago/26 11:40 PM,23/ago/26 11:40 PM,,,,0,,,CRISTIAN ALONSO ROJAS ALFARO,712020:10d48efb-6240-4d70-8b06-f9a54e505f50,,,,,,,,,0|i0005r:,,,,,{},Por hacer,23/ago/26 11:40 PM,10156,KAN-155,Reprogramación y cancelación de reservaciones
Reprogramación y cancelación de reservaciones,KAN-155,10156,Epic,Por hacer,KAN,Paginas Web,software,JOSE ANDRES LORENZO SEGURA,62587f849e7380006fb40075,,Medium,,,,CRISTIAN ALONSO ROJAS ALFARO,712020:10d48efb-6240-4d70-8b06-f9a54e505f50,CRISTIAN ALONSO ROJAS ALFARO,712020:10d48efb-6240-4d70-8b06-f9a54e505f50,23/ago/26 11:40 PM,23/ago/26 11:43 PM,,,,0,,,CRISTIAN ALONSO ROJAS ALFARO,712020:10d48efb-6240-4d70-8b06-f9a54e505f50,,,,,,,,,0|i0000y:mvwbnb4i,,,,,{},Por hacer,23/ago/26 11:40 PM,,,
Como cliente quiero filtrar mis reservaciones para encontrar una cita determinada con mayor facilidad.,KAN-154,10155,Tarea,Por hacer,KAN,Paginas Web,software,JOSE ANDRES LORENZO SEGURA,62587f849e7380006fb40075,,Medium,,,,CRISTIAN ALONSO ROJAS ALFARO,712020:10d48efb-6240-4d70-8b06-f9a54e505f50,CRISTIAN ALONSO ROJAS ALFARO,712020:10d48efb-6240-4d70-8b06-f9a54e505f50,23/ago/26 11:40 PM,23/ago/26 11:40 PM,,,,0,,,CRISTIAN ALONSO ROJAS ALFARO,712020:10d48efb-6240-4d70-8b06-f9a54e505f50,,,,,,,,,0|i0005c:,,,,,{},Por hacer,23/ago/26 11:40 PM,10151,KAN-150,Mis reservaciones
Como cliente quiero consultar mis reservaciones anteriores para mantener un historial de los servicios que he utilizado.,KAN-153,10154,Tarea,Por hacer,KAN,Paginas Web,software,JOSE ANDRES LORENZO SEGURA,62587f849e7380006fb40075,,Medium,,,,CRISTIAN ALONSO ROJAS ALFARO,712020:10d48efb-6240-4d70-8b06-f9a54e505f50,CRISTIAN ALONSO ROJAS ALFARO,712020:10d48efb-6240-4d70-8b06-f9a54e505f50,23/ago/26 11:39 PM,23/ago/26 11:39 PM,,,,0,,,CRISTIAN ALONSO ROJAS ALFARO,712020:10d48efb-6240-4d70-8b06-f9a54e505f50,,,,,,,,,0|i0005d:,,,,,{},Por hacer,23/ago/26 11:39 PM,10151,KAN-150,Mis reservaciones
"Como cliente quiero visualizar los detalles de una reservación, incluyendo servicio, fecha, horario, colaborador y estado.",KAN-152,10153,Tarea,Por hacer,KAN,Paginas Web,software,JOSE ANDRES LORENZO SEGURA,62587f849e7380006fb40075,,Medium,,,,CRISTIAN ALONSO ROJAS ALFARO,712020:10d48efb-6240-4d70-8b06-f9a54e505f50,CRISTIAN ALONSO ROJAS ALFARO,712020:10d48efb-6240-4d70-8b06-f9a54e505f50,23/ago/26 11:39 PM,23/ago/26 11:39 PM,,,,0,,,CRISTIAN ALONSO ROJAS ALFARO,712020:10d48efb-6240-4d70-8b06-f9a54e505f50,,,,,,,,,0|i0005f:,,,,,{},Por hacer,23/ago/26 11:39 PM,10151,KAN-150,Mis reservaciones
Como cliente quiero consultar mis próximas reservaciones para conocer las citas que tengo pendientes. ,KAN-151,10152,Tarea,Por hacer,KAN,Paginas Web,software,JOSE ANDRES LORENZO SEGURA,62587f849e7380006fb40075,,Medium,,,,CRISTIAN ALONSO ROJAS ALFARO,712020:10d48efb-6240-4d70-8b06-f9a54e505f50,CRISTIAN ALONSO ROJAS ALFARO,712020:10d48efb-6240-4d70-8b06-f9a54e505f50,23/ago/26 11:39 PM,23/ago/26 11:39 PM,,,,0,,,CRISTIAN ALONSO ROJAS ALFARO,712020:10d48efb-6240-4d70-8b06-f9a54e505f50,,,,,,,,,0|i0005j:,,,,,{},Por hacer,23/ago/26 11:39 PM,10151,KAN-150,Mis reservaciones
Mis reservaciones,KAN-150,10151,Epic,Por hacer,KAN,Paginas Web,software,JOSE ANDRES LORENZO SEGURA,62587f849e7380006fb40075,,Medium,,,,CRISTIAN ALONSO ROJAS ALFARO,712020:10d48efb-6240-4d70-8b06-f9a54e505f50,CRISTIAN ALONSO ROJAS ALFARO,712020:10d48efb-6240-4d70-8b06-f9a54e505f50,23/ago/26 11:38 PM,23/ago/26 11:42 PM,,,,0,,,CRISTIAN ALONSO ROJAS ALFARO,712020:10d48efb-6240-4d70-8b06-f9a54e505f50,,,,,,,,,0|i0000y:mvwbnb4,,,,,{},Por hacer,23/ago/26 11:38 PM,,,
Como cliente quiero visualizar una confirmación cuando la reservación haya sido registrada correctamente.,KAN-149,10150,Tarea,Por hacer,KAN,Paginas Web,software,JOSE ANDRES LORENZO SEGURA,62587f849e7380006fb40075,,Medium,,,,CRISTIAN ALONSO ROJAS ALFARO,712020:10d48efb-6240-4d70-8b06-f9a54e505f50,CRISTIAN ALONSO ROJAS ALFARO,712020:10d48efb-6240-4d70-8b06-f9a54e505f50,23/ago/26 11:38 PM,23/ago/26 11:38 PM,,,,0,,,CRISTIAN ALONSO ROJAS ALFARO,712020:10d48efb-6240-4d70-8b06-f9a54e505f50,,,,,,,,,0|i00054:,,,,,{},Por hacer,23/ago/26 11:38 PM,10146,KAN-145,Gestión de reservaciones
Como cliente quiero confirmar mi reservación para registrar la cita con el negocio.,KAN-148,10149,Tarea,Por hacer,KAN,Paginas Web,software,JOSE ANDRES LORENZO SEGURA,62587f849e7380006fb40075,,Medium,,,,CRISTIAN ALONSO ROJAS ALFARO,712020:10d48efb-6240-4d70-8b06-f9a54e505f50,CRISTIAN ALONSO ROJAS ALFARO,712020:10d48efb-6240-4d70-8b06-f9a54e505f50,23/ago/26 11:38 PM,23/ago/26 11:38 PM,,,,0,,,CRISTIAN ALONSO ROJAS ALFARO,712020:10d48efb-6240-4d70-8b06-f9a54e505f50,,,,,,,,,0|i00055:,,,,,{},Por hacer,23/ago/26 11:38 PM,10146,KAN-145,Gestión de reservaciones
Como cliente quiero visualizar las políticas de reservación aplicables antes de confirmar la cita.,KAN-147,10148,Tarea,Por hacer,KAN,Paginas Web,software,JOSE ANDRES LORENZO SEGURA,62587f849e7380006fb40075,,Medium,,,,CRISTIAN ALONSO ROJAS ALFARO,712020:10d48efb-6240-4d70-8b06-f9a54e505f50,CRISTIAN ALONSO ROJAS ALFARO,712020:10d48efb-6240-4d70-8b06-f9a54e505f50,23/ago/26 11:37 PM,23/ago/26 11:38 PM,,,,0,,,CRISTIAN ALONSO ROJAS ALFARO,712020:10d48efb-6240-4d70-8b06-f9a54e505f50,,,,,,,,,0|i00057:,,,,,{},Por hacer,23/ago/26 11:37 PM,10146,KAN-145,Gestión de reservaciones
Como cliente quiero revisar un resumen de la reservación antes de confirmarla para verificar que la información sea correcta. ,KAN-146,10147,Tarea,Por hacer,KAN,Paginas Web,software,JOSE ANDRES LORENZO SEGURA,62587f849e7380006fb40075,,Medium,,,,CRISTIAN ALONSO ROJAS ALFARO,712020:10d48efb-6240-4d70-8b06-f9a54e505f50,CRISTIAN ALONSO ROJAS ALFARO,712020:10d48efb-6240-4d70-8b06-f9a54e505f50,23/ago/26 11:37 PM,23/ago/26 11:37 PM,,,,0,,,CRISTIAN ALONSO ROJAS ALFARO,712020:10d48efb-6240-4d70-8b06-f9a54e505f50,,,,,,,,,0|i0005b:,,,,,{},Por hacer,23/ago/26 11:37 PM,10146,KAN-145,Gestión de reservaciones
Gestión de reservaciones,KAN-145,10146,Epic,Por hacer,KAN,Paginas Web,software,JOSE ANDRES LORENZO SEGURA,62587f849e7380006fb40075,,Medium,,,,CRISTIAN ALONSO ROJAS ALFARO,712020:10d48efb-6240-4d70-8b06-f9a54e505f50,CRISTIAN ALONSO ROJAS ALFARO,712020:10d48efb-6240-4d70-8b06-f9a54e505f50,23/ago/26 11:37 PM,23/ago/26 11:38 PM,,,,0,,,CRISTIAN ALONSO ROJAS ALFARO,712020:10d48efb-6240-4d70-8b06-f9a54e505f50,,,,,,,,,0|i0000y:mvwbnb,,,,,{},Por hacer,23/ago/26 11:37 PM,,,
Como cliente quiero que el sistema valide nuevamente la disponibilidad del horario antes de confirmar mi reservación para evitar conflictos con otras citas.,KAN-144,10145,Tarea,Por hacer,KAN,Paginas Web,software,JOSE ANDRES LORENZO SEGURA,62587f849e7380006fb40075,,Medium,,,,CRISTIAN ALONSO ROJAS ALFARO,712020:10d48efb-6240-4d70-8b06-f9a54e505f50,CRISTIAN ALONSO ROJAS ALFARO,712020:10d48efb-6240-4d70-8b06-f9a54e505f50,23/ago/26 11:36 PM,23/ago/26 11:36 PM,,,,0,,,CRISTIAN ALONSO ROJAS ALFARO,712020:10d48efb-6240-4d70-8b06-f9a54e505f50,,,,,,,,,0|i0004v:i,,,,,{},Por hacer,23/ago/26 11:36 PM,10140,KAN-139,Consulta de disponibilidad
"Como cliente quiero que los horarios bloqueados, tiempos de descanso y días inhábiles no aparezcan como disponibles. ",KAN-143,10144,Tarea,Por hacer,KAN,Paginas Web,software,JOSE ANDRES LORENZO SEGURA,62587f849e7380006fb40075,,Medium,,,,CRISTIAN ALONSO ROJAS ALFARO,712020:10d48efb-6240-4d70-8b06-f9a54e505f50,CRISTIAN ALONSO ROJAS ALFARO,712020:10d48efb-6240-4d70-8b06-f9a54e505f50,23/ago/26 11:36 PM,23/ago/26 11:36 PM,,,,0,,,CRISTIAN ALONSO ROJAS ALFARO,712020:10d48efb-6240-4d70-8b06-f9a54e505f50,,,,,,,,,0|i0004w:,,,,,{},Por hacer,23/ago/26 11:36 PM,10140,KAN-139,Consulta de disponibilidad
"Como cliente quiero consultar la disponibilidad según el colaborador seleccionado, cuando corresponda. ",KAN-142,10143,Tarea,Por hacer,KAN,Paginas Web,software,JOSE ANDRES LORENZO SEGURA,62587f849e7380006fb40075,,Medium,,,,CRISTIAN ALONSO ROJAS ALFARO,712020:10d48efb-6240-4d70-8b06-f9a54e505f50,CRISTIAN ALONSO ROJAS ALFARO,712020:10d48efb-6240-4d70-8b06-f9a54e505f50,23/ago/26 11:36 PM,23/ago/26 11:36 PM,,,,0,,,CRISTIAN ALONSO ROJAS ALFARO,712020:10d48efb-6240-4d70-8b06-f9a54e505f50,,,,,,,,,0|i0004x:,,,,,{},Por hacer,23/ago/26 11:36 PM,10140,KAN-139,Consulta de disponibilidad
Como cliente quiero visualizar únicamente los horarios disponibles para evitar seleccionar horarios no válidos.,KAN-141,10142,Tarea,Por hacer,KAN,Paginas Web,software,JOSE ANDRES LORENZO SEGURA,62587f849e7380006fb40075,,Medium,,,,CRISTIAN ALONSO ROJAS ALFARO,712020:10d48efb-6240-4d70-8b06-f9a54e505f50,CRISTIAN ALONSO ROJAS ALFARO,712020:10d48efb-6240-4d70-8b06-f9a54e505f50,23/ago/26 11:36 PM,23/ago/26 11:36 PM,,,,0,,,CRISTIAN ALONSO ROJAS ALFARO,712020:10d48efb-6240-4d70-8b06-f9a54e505f50,,,,,,,,,0|i0004z:,,,,,{},Por hacer,23/ago/26 11:36 PM,10140,KAN-139,Consulta de disponibilidad
Como cliente quiero seleccionar una fecha para consultar los horarios disponibles para el servicio que deseo reservar. ,KAN-140,10141,Tarea,Por hacer,KAN,Paginas Web,software,JOSE ANDRES LORENZO SEGURA,62587f849e7380006fb40075,,Medium,,,,CRISTIAN ALONSO ROJAS ALFARO,712020:10d48efb-6240-4d70-8b06-f9a54e505f50,CRISTIAN ALONSO ROJAS ALFARO,712020:10d48efb-6240-4d70-8b06-f9a54e505f50,23/ago/26 11:36 PM,23/ago/26 11:36 PM,,,,0,,,CRISTIAN ALONSO ROJAS ALFARO,712020:10d48efb-6240-4d70-8b06-f9a54e505f50,,,,,,,,,0|i00053:,,,,,{},Por hacer,23/ago/26 11:36 PM,10140,KAN-139,Consulta de disponibilidad
Consulta de disponibilidad,KAN-139,10140,Epic,Por hacer,KAN,Paginas Web,software,JOSE ANDRES LORENZO SEGURA,62587f849e7380006fb40075,,Medium,,,,CRISTIAN ALONSO ROJAS ALFARO,712020:10d48efb-6240-4d70-8b06-f9a54e505f50,CRISTIAN ALONSO ROJAS ALFARO,712020:10d48efb-6240-4d70-8b06-f9a54e505f50,23/ago/26 11:36 PM,23/ago/26 11:37 PM,,,,0,,,CRISTIAN ALONSO ROJAS ALFARO,712020:10d48efb-6240-4d70-8b06-f9a54e505f50,,,,,,,,,0|i0000y:mvwbn9,,,,,{},Por hacer,23/ago/26 11:36 PM,,,
Como cliente quiero continuar con la reservación sin seleccionar un colaborador específico cuando el negocio permita que se asigne uno disponible.,KAN-138,10139,Tarea,Por hacer,KAN,Paginas Web,software,JOSE ANDRES LORENZO SEGURA,62587f849e7380006fb40075,,Medium,,,,CRISTIAN ALONSO ROJAS ALFARO,712020:10d48efb-6240-4d70-8b06-f9a54e505f50,CRISTIAN ALONSO ROJAS ALFARO,712020:10d48efb-6240-4d70-8b06-f9a54e505f50,23/ago/26 11:35 PM,23/ago/26 11:35 PM,,,,0,,,CRISTIAN ALONSO ROJAS ALFARO,712020:10d48efb-6240-4d70-8b06-f9a54e505f50,,,,,,,,,0|i0004o:,,,,,{},Por hacer,23/ago/26 11:35 PM,10135,KAN-134,Selección de servicio y colaborador
Como cliente quiero seleccionar un colaborador específico cuando el negocio permita esta opción.,KAN-137,10138,Tarea,Por hacer,KAN,Paginas Web,software,JOSE ANDRES LORENZO SEGURA,62587f849e7380006fb40075,,Medium,,,,CRISTIAN ALONSO ROJAS ALFARO,712020:10d48efb-6240-4d70-8b06-f9a54e505f50,CRISTIAN ALONSO ROJAS ALFARO,712020:10d48efb-6240-4d70-8b06-f9a54e505f50,23/ago/26 11:35 PM,23/ago/26 11:35 PM,,,,0,,,CRISTIAN ALONSO ROJAS ALFARO,712020:10d48efb-6240-4d70-8b06-f9a54e505f50,,,,,,,,,0|i0004p:,,,,,{},Por hacer,23/ago/26 11:35 PM,10135,KAN-134,Selección de servicio y colaborador
Como cliente quiero consultar los colaboradores disponibles para el servicio seleccionado para conocer quiénes pueden atenderme. ,KAN-136,10137,Tarea,Por hacer,KAN,Paginas Web,software,JOSE ANDRES LORENZO SEGURA,62587f849e7380006fb40075,,Medium,,,,CRISTIAN ALONSO ROJAS ALFARO,712020:10d48efb-6240-4d70-8b06-f9a54e505f50,CRISTIAN ALONSO ROJAS ALFARO,712020:10d48efb-6240-4d70-8b06-f9a54e505f50,23/ago/26 11:35 PM,23/ago/26 11:35 PM,,,,0,,,CRISTIAN ALONSO ROJAS ALFARO,712020:10d48efb-6240-4d70-8b06-f9a54e505f50,,,,,,,,,0|i0004r:,,,,,{},Por hacer,23/ago/26 11:35 PM,10135,KAN-134,Selección de servicio y colaborador
Como cliente quiero seleccionar el servicio que deseo recibir para iniciar el proceso de reservación.,KAN-135,10136,Tarea,Por hacer,KAN,Paginas Web,software,JOSE ANDRES LORENZO SEGURA,62587f849e7380006fb40075,,Medium,,,,CRISTIAN ALONSO ROJAS ALFARO,712020:10d48efb-6240-4d70-8b06-f9a54e505f50,CRISTIAN ALONSO ROJAS ALFARO,712020:10d48efb-6240-4d70-8b06-f9a54e505f50,23/ago/26 11:35 PM,23/ago/26 11:35 PM,,,,0,,,CRISTIAN ALONSO ROJAS ALFARO,712020:10d48efb-6240-4d70-8b06-f9a54e505f50,,,,,,,,,0|i0004v:,,,,,{},Por hacer,23/ago/26 11:35 PM,10135,KAN-134,Selección de servicio y colaborador
Selección de servicio y colaborador,KAN-134,10135,Epic,Por hacer,KAN,Paginas Web,software,JOSE ANDRES LORENZO SEGURA,62587f849e7380006fb40075,,Medium,,,,CRISTIAN ALONSO ROJAS ALFARO,712020:10d48efb-6240-4d70-8b06-f9a54e505f50,CRISTIAN ALONSO ROJAS ALFARO,712020:10d48efb-6240-4d70-8b06-f9a54e505f50,23/ago/26 11:34 PM,23/ago/26 11:36 PM,,,,0,,,CRISTIAN ALONSO ROJAS ALFARO,712020:10d48efb-6240-4d70-8b06-f9a54e505f50,,,,,,,,,0|i0000y:mvwbn,,,,,{},Por hacer,23/ago/26 11:34 PM,,,
Como cliente quiero que mi sesión se cierre después de un período determinado de inactividad para proteger mi cuenta.,KAN-133,10134,Tarea,Por hacer,KAN,Paginas Web,software,JOSE ANDRES LORENZO SEGURA,62587f849e7380006fb40075,,Medium,,,,CRISTIAN ALONSO ROJAS ALFARO,712020:10d48efb-6240-4d70-8b06-f9a54e505f50,CRISTIAN ALONSO ROJAS ALFARO,712020:10d48efb-6240-4d70-8b06-f9a54e505f50,23/ago/26 11:34 PM,23/ago/26 11:34 PM,,,,0,,,CRISTIAN ALONSO ROJAS ALFARO,712020:10d48efb-6240-4d70-8b06-f9a54e505f50,,,,,,,,,0|i0004f:i,,,,,{},Por hacer,23/ago/26 11:34 PM,10129,KAN-128,Login
Como cliente quiero recuperar mi contraseña mediante mi correo electrónico si la olvido.,KAN-132,10133,Tarea,Por hacer,KAN,Paginas Web,software,JOSE ANDRES LORENZO SEGURA,62587f849e7380006fb40075,,Medium,,,,CRISTIAN ALONSO ROJAS ALFARO,712020:10d48efb-6240-4d70-8b06-f9a54e505f50,CRISTIAN ALONSO ROJAS ALFARO,712020:10d48efb-6240-4d70-8b06-f9a54e505f50,23/ago/26 11:34 PM,23/ago/26 11:34 PM,,,,0,,,CRISTIAN ALONSO ROJAS ALFARO,712020:10d48efb-6240-4d70-8b06-f9a54e505f50,,,,,,,,,0|i0004g:,,,,,{},Por hacer,23/ago/26 11:34 PM,10129,KAN-128,Login
Como cliente quiero visualizar u ocultar mi contraseña mientras la ingreso. ,KAN-131,10132,Tarea,Por hacer,KAN,Paginas Web,software,JOSE ANDRES LORENZO SEGURA,62587f849e7380006fb40075,,Medium,,,,CRISTIAN ALONSO ROJAS ALFARO,712020:10d48efb-6240-4d70-8b06-f9a54e505f50,CRISTIAN ALONSO ROJAS ALFARO,712020:10d48efb-6240-4d70-8b06-f9a54e505f50,23/ago/26 11:33 PM,23/ago/26 11:33 PM,,,,0,,,CRISTIAN ALONSO ROJAS ALFARO,712020:10d48efb-6240-4d70-8b06-f9a54e505f50,,,,,,,,,0|i0004h:,,,,,{},Por hacer,23/ago/26 11:33 PM,10129,KAN-128,Login
Como cliente quiero recibir mensajes claros cuando las credenciales proporcionadas sean incorrectas.,KAN-130,10131,Tarea,Por hacer,KAN,Paginas Web,software,JOSE ANDRES LORENZO SEGURA,62587f849e7380006fb40075,,Medium,,,,CRISTIAN ALONSO ROJAS ALFARO,712020:10d48efb-6240-4d70-8b06-f9a54e505f50,CRISTIAN ALONSO ROJAS ALFARO,712020:10d48efb-6240-4d70-8b06-f9a54e505f50,23/ago/26 11:33 PM,23/ago/26 11:33 PM,,,,0,,,CRISTIAN ALONSO ROJAS ALFARO,712020:10d48efb-6240-4d70-8b06-f9a54e505f50,,,,,,,,,0|i0004j:,,,,,{},Por hacer,23/ago/26 11:33 PM,10129,KAN-128,Login
Como cliente quiero iniciar sesión utilizando mis credenciales para acceder a mis reservaciones y funcionalidades personales.,KAN-129,10130,Tarea,Por hacer,KAN,Paginas Web,software,JOSE ANDRES LORENZO SEGURA,62587f849e7380006fb40075,,Medium,,,,CRISTIAN ALONSO ROJAS ALFARO,712020:10d48efb-6240-4d70-8b06-f9a54e505f50,CRISTIAN ALONSO ROJAS ALFARO,712020:10d48efb-6240-4d70-8b06-f9a54e505f50,23/ago/26 11:33 PM,23/ago/26 11:33 PM,,,,0,,,CRISTIAN ALONSO ROJAS ALFARO,712020:10d48efb-6240-4d70-8b06-f9a54e505f50,,,,,,,,,0|i0004n:,,,,,{},Por hacer,23/ago/26 11:33 PM,10129,KAN-128,Login
Login,KAN-128,10129,Epic,Por hacer,KAN,Paginas Web,software,JOSE ANDRES LORENZO SEGURA,62587f849e7380006fb40075,,Medium,,,,CRISTIAN ALONSO ROJAS ALFARO,712020:10d48efb-6240-4d70-8b06-f9a54e505f50,CRISTIAN ALONSO ROJAS ALFARO,712020:10d48efb-6240-4d70-8b06-f9a54e505f50,23/ago/26 11:33 PM,23/ago/26 11:34 PM,,,,0,,,CRISTIAN ALONSO ROJAS ALFARO,712020:10d48efb-6240-4d70-8b06-f9a54e505f50,,,,,,,,,0|i0000y:mvwbm,,,,,{},Por hacer,23/ago/26 11:33 PM,,,
Como cliente quiero ser redirigido al inicio de sesión una vez finalizado correctamente mi registro.,KAN-127,10128,Tarea,Por hacer,KAN,Paginas Web,software,JOSE ANDRES LORENZO SEGURA,62587f849e7380006fb40075,,Medium,,,,CRISTIAN ALONSO ROJAS ALFARO,712020:10d48efb-6240-4d70-8b06-f9a54e505f50,CRISTIAN ALONSO ROJAS ALFARO,712020:10d48efb-6240-4d70-8b06-f9a54e505f50,23/ago/26 11:33 PM,23/ago/26 11:33 PM,,,,0,,,CRISTIAN ALONSO ROJAS ALFARO,712020:10d48efb-6240-4d70-8b06-f9a54e505f50,,,,,,,,,0|i00047:i,,,,,{},Por hacer,23/ago/26 11:33 PM,10123,KAN-122,Registro del cliente
Como cliente quiero verificar mi correo electrónico para confirmar que la cuenta registrada me pertenece.,KAN-126,10127,Tarea,Por hacer,KAN,Paginas Web,software,JOSE ANDRES LORENZO SEGURA,62587f849e7380006fb40075,,Medium,,,,CRISTIAN ALONSO ROJAS ALFARO,712020:10d48efb-6240-4d70-8b06-f9a54e505f50,CRISTIAN ALONSO ROJAS ALFARO,712020:10d48efb-6240-4d70-8b06-f9a54e505f50,23/ago/26 11:33 PM,23/ago/26 11:33 PM,,,,0,,,CRISTIAN ALONSO ROJAS ALFARO,712020:10d48efb-6240-4d70-8b06-f9a54e505f50,,,,,,,,,0|i00048:,,,,,{},Por hacer,23/ago/26 11:33 PM,10123,KAN-122,Registro del cliente
Como cliente quiero visualizar u ocultar mi contraseña mientras completo el formulario de registro.,KAN-125,10126,Tarea,Por hacer,KAN,Paginas Web,software,JOSE ANDRES LORENZO SEGURA,62587f849e7380006fb40075,,Medium,,,,CRISTIAN ALONSO ROJAS ALFARO,712020:10d48efb-6240-4d70-8b06-f9a54e505f50,CRISTIAN ALONSO ROJAS ALFARO,712020:10d48efb-6240-4d70-8b06-f9a54e505f50,23/ago/26 11:32 PM,23/ago/26 11:32 PM,,,,0,,,CRISTIAN ALONSO ROJAS ALFARO,712020:10d48efb-6240-4d70-8b06-f9a54e505f50,,,,,,,,,0|i00049:,,,,,{},Por hacer,23/ago/26 11:32 PM,10123,KAN-122,Registro del cliente
Como cliente quiero recibir retroalimentación sobre la seguridad de mi contraseña durante el registro.,KAN-124,10125,Tarea,Por hacer,KAN,Paginas Web,software,JOSE ANDRES LORENZO SEGURA,62587f849e7380006fb40075,,Medium,,,,CRISTIAN ALONSO ROJAS ALFARO,712020:10d48efb-6240-4d70-8b06-f9a54e505f50,CRISTIAN ALONSO ROJAS ALFARO,712020:10d48efb-6240-4d70-8b06-f9a54e505f50,23/ago/26 11:32 PM,23/ago/26 11:32 PM,,,,0,,,CRISTIAN ALONSO ROJAS ALFARO,712020:10d48efb-6240-4d70-8b06-f9a54e505f50,,,,,,,,,0|i0004b:,,,,,{},Por hacer,23/ago/26 11:32 PM,10123,KAN-122,Registro del cliente
Como cliente quiero registrarme proporcionando mis datos personales y correo electrónico para poder realizar y gestionar reservaciones.,KAN-123,10124,Tarea,Por hacer,KAN,Paginas Web,software,JOSE ANDRES LORENZO SEGURA,62587f849e7380006fb40075,,Medium,,,,CRISTIAN ALONSO ROJAS ALFARO,712020:10d48efb-6240-4d70-8b06-f9a54e505f50,CRISTIAN ALONSO ROJAS ALFARO,712020:10d48efb-6240-4d70-8b06-f9a54e505f50,23/ago/26 11:32 PM,23/ago/26 11:32 PM,,,,0,,,CRISTIAN ALONSO ROJAS ALFARO,712020:10d48efb-6240-4d70-8b06-f9a54e505f50,,,,,,,,,0|i0004f:,,,,,{},Por hacer,23/ago/26 11:32 PM,10123,KAN-122,Registro del cliente
Registro del cliente,KAN-122,10123,Epic,Por hacer,KAN,Paginas Web,software,JOSE ANDRES LORENZO SEGURA,62587f849e7380006fb40075,,Medium,,,,CRISTIAN ALONSO ROJAS ALFARO,712020:10d48efb-6240-4d70-8b06-f9a54e505f50,CRISTIAN ALONSO ROJAS ALFARO,712020:10d48efb-6240-4d70-8b06-f9a54e505f50,23/ago/26 11:32 PM,23/ago/26 11:33 PM,,,,0,,,CRISTIAN ALONSO ROJAS ALFARO,712020:10d48efb-6240-4d70-8b06-f9a54e505f50,,,,,,,,,0|i0000y:mvwbi,,,,,{},Por hacer,23/ago/26 11:32 PM,,,
"Como cliente quiero visualizar información básica como teléfono, correo y logo del negocio.",KAN-121,10122,Tarea,Por hacer,KAN,Paginas Web,software,JOSE ANDRES LORENZO SEGURA,62587f849e7380006fb40075,,Medium,,,,CRISTIAN ALONSO ROJAS ALFARO,712020:10d48efb-6240-4d70-8b06-f9a54e505f50,CRISTIAN ALONSO ROJAS ALFARO,712020:10d48efb-6240-4d70-8b06-f9a54e505f50,23/ago/26 11:31 PM,23/ago/26 11:31 PM,,,,0,,,CRISTIAN ALONSO ROJAS ALFARO,712020:10d48efb-6240-4d70-8b06-f9a54e505f50,,,,,,,,,0|i00040:,,,,,{},Por hacer,23/ago/26 11:31 PM,10118,KAN-117,Footer
Como cliente quiero acceder a las redes sociales del negocio cuando estas se encuentren disponibles.,KAN-120,10121,Tarea,Por hacer,KAN,Paginas Web,software,JOSE ANDRES LORENZO SEGURA,62587f849e7380006fb40075,,Medium,,,,CRISTIAN ALONSO ROJAS ALFARO,712020:10d48efb-6240-4d70-8b06-f9a54e505f50,CRISTIAN ALONSO ROJAS ALFARO,712020:10d48efb-6240-4d70-8b06-f9a54e505f50,23/ago/26 11:31 PM,23/ago/26 11:31 PM,,,,0,,,CRISTIAN ALONSO ROJAS ALFARO,712020:10d48efb-6240-4d70-8b06-f9a54e505f50,,,,,,,,,0|i00041:,,,,,{},Por hacer,23/ago/26 11:31 PM,10118,KAN-117,Footer
Como cliente quiero acceder a los términos y condiciones relacionados con el uso de la plataforma y las reservaciones.,KAN-119,10120,Tarea,Por hacer,KAN,Paginas Web,software,JOSE ANDRES LORENZO SEGURA,62587f849e7380006fb40075,,Medium,,,,CRISTIAN ALONSO ROJAS ALFARO,712020:10d48efb-6240-4d70-8b06-f9a54e505f50,CRISTIAN ALONSO ROJAS ALFARO,712020:10d48efb-6240-4d70-8b06-f9a54e505f50,23/ago/26 11:31 PM,23/ago/26 11:31 PM,,,,0,,,CRISTIAN ALONSO ROJAS ALFARO,712020:10d48efb-6240-4d70-8b06-f9a54e505f50,,,,,,,,,0|i00043:,,,,,{},Por hacer,23/ago/26 11:31 PM,10118,KAN-117,Footer
Como cliente quiero visualizar la información de contacto del negocio para poder comunicarme con este cuando sea necesario.,KAN-118,10119,Tarea,Por hacer,KAN,Paginas Web,software,JOSE ANDRES LORENZO SEGURA,62587f849e7380006fb40075,,Medium,,,,CRISTIAN ALONSO ROJAS ALFARO,712020:10d48efb-6240-4d70-8b06-f9a54e505f50,CRISTIAN ALONSO ROJAS ALFARO,712020:10d48efb-6240-4d70-8b06-f9a54e505f50,23/ago/26 11:31 PM,23/ago/26 11:31 PM,,,,0,,,CRISTIAN ALONSO ROJAS ALFARO,712020:10d48efb-6240-4d70-8b06-f9a54e505f50,,,,,,,,,0|i00047:,,,,,{},Por hacer,23/ago/26 11:31 PM,10118,KAN-117,Footer
Footer,KAN-117,10118,Epic,Por hacer,KAN,Paginas Web,software,JOSE ANDRES LORENZO SEGURA,62587f849e7380006fb40075,,Medium,,,,CRISTIAN ALONSO ROJAS ALFARO,712020:10d48efb-6240-4d70-8b06-f9a54e505f50,CRISTIAN ALONSO ROJAS ALFARO,712020:10d48efb-6240-4d70-8b06-f9a54e505f50,23/ago/26 11:31 PM,23/ago/26 11:32 PM,,,,0,,,CRISTIAN ALONSO ROJAS ALFARO,712020:10d48efb-6240-4d70-8b06-f9a54e505f50,,,,,,,,,0|i0000y:mvwb,,,,,{},Por hacer,23/ago/26 11:31 PM,,,
Como cliente quiero iniciar el proceso de reservación desde el servicio que deseo recibir.,KAN-116,10117,Tarea,Por hacer,KAN,Paginas Web,software,JOSE ANDRES LORENZO SEGURA,62587f849e7380006fb40075,,Medium,,,,CRISTIAN ALONSO ROJAS ALFARO,712020:10d48efb-6240-4d70-8b06-f9a54e505f50,CRISTIAN ALONSO ROJAS ALFARO,712020:10d48efb-6240-4d70-8b06-f9a54e505f50,23/ago/26 11:30 PM,23/ago/26 11:30 PM,25/sep/26 4:13 PM,,,0,,,CRISTIAN ALONSO ROJAS ALFARO,712020:10d48efb-6240-4d70-8b06-f9a54e505f50,,,,,,,,,0|i0003r:i,,,,,{},Por hacer,23/ago/26 11:30 PM,10112,KAN-111,Página principal del negocio
Como cliente quiero visualizar los descuentos o promociones disponibles en los servicios para conocer las ofertas vigentes.,KAN-115,10116,Tarea,Por hacer,KAN,Paginas Web,software,JOSE ANDRES LORENZO SEGURA,62587f849e7380006fb40075,,Medium,,,,CRISTIAN ALONSO ROJAS ALFARO,712020:10d48efb-6240-4d70-8b06-f9a54e505f50,CRISTIAN ALONSO ROJAS ALFARO,712020:10d48efb-6240-4d70-8b06-f9a54e505f50,23/ago/26 11:30 PM,23/ago/26 11:30 PM,,,,0,,,CRISTIAN ALONSO ROJAS ALFARO,712020:10d48efb-6240-4d70-8b06-f9a54e505f50,,,,,,,,,0|i0003s:,,,,,{},Por hacer,23/ago/26 11:30 PM,10112,KAN-111,Página principal del negocio
"Como cliente quiero visualizar los detalles de un servicio, como nombre, descripción, precio y duración, para decidir si deseo reservarlo.",KAN-114,10115,Tarea,Por hacer,KAN,Paginas Web,software,JOSE ANDRES LORENZO SEGURA,62587f849e7380006fb40075,,Medium,,,,CRISTIAN ALONSO ROJAS ALFARO,712020:10d48efb-6240-4d70-8b06-f9a54e505f50,CRISTIAN ALONSO ROJAS ALFARO,712020:10d48efb-6240-4d70-8b06-f9a54e505f50,23/ago/26 11:30 PM,23/ago/26 11:30 PM,,,,0,,,CRISTIAN ALONSO ROJAS ALFARO,712020:10d48efb-6240-4d70-8b06-f9a54e505f50,,,,,,,,,0|i0003t:,,,,,{},Por hacer,23/ago/26 11:30 PM,10112,KAN-111,Página principal del negocio
Como cliente quiero consultar el catálogo de servicios disponibles para elegir el que necesito.,KAN-113,10114,Tarea,Por hacer,KAN,Paginas Web,software,JOSE ANDRES LORENZO SEGURA,62587f849e7380006fb40075,,Medium,,,,CRISTIAN ALONSO ROJAS ALFARO,712020:10d48efb-6240-4d70-8b06-f9a54e505f50,CRISTIAN ALONSO ROJAS ALFARO,712020:10d48efb-6240-4d70-8b06-f9a54e505f50,23/ago/26 11:30 PM,23/ago/26 11:30 PM,,,,0,,,CRISTIAN ALONSO ROJAS ALFARO,712020:10d48efb-6240-4d70-8b06-f9a54e505f50,,,,,,,,,0|i0003v:,,,,,{},Por hacer,23/ago/26 11:30 PM,10112,KAN-111,Página principal del negocio
Como cliente quiero visualizar la información general del negocio para conocer los servicios que ofrece.,KAN-112,10113,Tarea,Por hacer,KAN,Paginas Web,software,JOSE ANDRES LORENZO SEGURA,62587f849e7380006fb40075,,Medium,,,,CRISTIAN ALONSO ROJAS ALFARO,712020:10d48efb-6240-4d70-8b06-f9a54e505f50,CRISTIAN ALONSO ROJAS ALFARO,712020:10d48efb-6240-4d70-8b06-f9a54e505f50,23/ago/26 11:30 PM,23/ago/26 11:30 PM,,,,0,,,CRISTIAN ALONSO ROJAS ALFARO,712020:10d48efb-6240-4d70-8b06-f9a54e505f50,,,,,,,,,0|i0003z:,,,,,{},Por hacer,23/ago/26 11:30 PM,10112,KAN-111,Página principal del negocio
Página principal del negocio,KAN-111,10112,Epic,Por hacer,KAN,Paginas Web,software,JOSE ANDRES LORENZO SEGURA,62587f849e7380006fb40075,,Medium,,,,CRISTIAN ALONSO ROJAS ALFARO,712020:10d48efb-6240-4d70-8b06-f9a54e505f50,CRISTIAN ALONSO ROJAS ALFARO,712020:10d48efb-6240-4d70-8b06-f9a54e505f50,23/ago/26 11:28 PM,23/ago/26 11:31 PM,07/sep/26 12:59 PM,,,0,,,CRISTIAN ALONSO ROJAS ALFARO,712020:10d48efb-6240-4d70-8b06-f9a54e505f50,,,,,,,,,0|i0000y:mvw9,,,,,{},Por hacer,23/ago/26 11:28 PM,,,
Como cliente quiero iniciar o cerrar sesión desde la navegación principal según corresponda.,KAN-110,10111,Tarea,Por hacer,KAN,Paginas Web,software,JOSE ANDRES LORENZO SEGURA,62587f849e7380006fb40075,,Medium,,,,CRISTIAN ALONSO ROJAS ALFARO,712020:10d48efb-6240-4d70-8b06-f9a54e505f50,CRISTIAN ALONSO ROJAS ALFARO,712020:10d48efb-6240-4d70-8b06-f9a54e505f50,23/ago/26 11:28 PM,23/ago/26 11:28 PM,,,,0,,,CRISTIAN ALONSO ROJAS ALFARO,712020:10d48efb-6240-4d70-8b06-f9a54e505f50,,,,,,,,,0|i0003k:,,,,,{},Por hacer,23/ago/26 11:28 PM,10097,KAN-96,Navbar (Clientes)
Como cliente quiero acceder a mi perfil para consultar o modificar la información de mi cuenta.,KAN-109,10110,Tarea,Por hacer,KAN,Paginas Web,software,JOSE ANDRES LORENZO SEGURA,62587f849e7380006fb40075,,Medium,,,,CRISTIAN ALONSO ROJAS ALFARO,712020:10d48efb-6240-4d70-8b06-f9a54e505f50,CRISTIAN ALONSO ROJAS ALFARO,712020:10d48efb-6240-4d70-8b06-f9a54e505f50,23/ago/26 11:28 PM,23/ago/26 11:28 PM,,,,0,,,CRISTIAN ALONSO ROJAS ALFARO,712020:10d48efb-6240-4d70-8b06-f9a54e505f50,,,,,,,,,0|i0003l:,,,,,{},Por hacer,23/ago/26 11:28 PM,10097,KAN-96,Navbar (Clientes)
Como cliente quiero acceder a mis reservaciones para consultar y gestionar mis citas. ,KAN-108,10109,Tarea,Por hacer,KAN,Paginas Web,software,JOSE ANDRES LORENZO SEGURA,62587f849e7380006fb40075,,Medium,,,,CRISTIAN ALONSO ROJAS ALFARO,712020:10d48efb-6240-4d70-8b06-f9a54e505f50,CRISTIAN ALONSO ROJAS ALFARO,712020:10d48efb-6240-4d70-8b06-f9a54e505f50,23/ago/26 11:27 PM,23/ago/26 11:28 PM,,,,0,,,CRISTIAN ALONSO ROJAS ALFARO,712020:10d48efb-6240-4d70-8b06-f9a54e505f50,,,,,,,,,0|i0003n:,,,,,{},Por hacer,23/ago/26 11:28 PM,10097,KAN-96,Navbar (Clientes)
Como cliente quiero visualizar el nombre y logo del negocio para identificar el establecimiento en el que estoy realizando la reservación.,KAN-107,10108,Tarea,Por hacer,KAN,Paginas Web,software,JOSE ANDRES LORENZO SEGURA,62587f849e7380006fb40075,,Medium,,,,CRISTIAN ALONSO ROJAS ALFARO,712020:10d48efb-6240-4d70-8b06-f9a54e505f50,CRISTIAN ALONSO ROJAS ALFARO,712020:10d48efb-6240-4d70-8b06-f9a54e505f50,23/ago/26 11:22 PM,23/ago/26 11:22 PM,,,,0,,,CRISTIAN ALONSO ROJAS ALFARO,712020:10d48efb-6240-4d70-8b06-f9a54e505f50,,,,,,,,,0|i0003r:,,,,,{},Por hacer,23/ago/26 11:22 PM,10097,KAN-96,Navbar (Clientes)
exportar: cómo usuario quiero exportar los datos de los reportes en un csv/excel para analizar o respaldar. ,KAN-106,10107,Tarea,Por hacer,KAN,Paginas Web,software,JOSE ANDRES LORENZO SEGURA,62587f849e7380006fb40075,,Medium,,,,MARCO ANTONIO QUIROS CABEZAS,712020:534446d8-6025-4d73-b502-5a4945c157c4,MARCO ANTONIO QUIROS CABEZAS,712020:534446d8-6025-4d73-b502-5a4945c157c4,23/ago/26 11:19 PM,23/ago/26 11:19 PM,,,,0,,,MARCO ANTONIO QUIROS CABEZAS,712020:534446d8-6025-4d73-b502-5a4945c157c4,,,,,,,,,0|i0003c:,,,,,{},Por hacer,23/ago/26 11:19 PM,10103,KAN-102,Reportes
colaborador: cómo usuario quiero ver la ocupación de un colaborador para evaluar la magnitud de su carga o rendimiento ,KAN-105,10106,Tarea,Por hacer,KAN,Paginas Web,software,JOSE ANDRES LORENZO SEGURA,62587f849e7380006fb40075,,Medium,,,,MARCO ANTONIO QUIROS CABEZAS,712020:534446d8-6025-4d73-b502-5a4945c157c4,MARCO ANTONIO QUIROS CABEZAS,712020:534446d8-6025-4d73-b502-5a4945c157c4,23/ago/26 11:19 PM,23/ago/26 11:19 PM,,,,0,,,MARCO ANTONIO QUIROS CABEZAS,712020:534446d8-6025-4d73-b502-5a4945c157c4,,,,,,,,,0|i0003d:,,,,,{},Por hacer,23/ago/26 11:19 PM,10103,KAN-102,Reportes
"reservas: como suscriptor quiero ver un reporte de reservas por estado (confirmadas, completadas, canceladas, no-show) en un rango de fechas.",KAN-104,10105,Tarea,Por hacer,KAN,Paginas Web,software,JOSE ANDRES LORENZO SEGURA,62587f849e7380006fb40075,,Medium,,,,MARCO ANTONIO QUIROS CABEZAS,712020:534446d8-6025-4d73-b502-5a4945c157c4,MARCO ANTONIO QUIROS CABEZAS,712020:534446d8-6025-4d73-b502-5a4945c157c4,23/ago/26 11:19 PM,23/ago/26 11:19 PM,,,,0,,,MARCO ANTONIO QUIROS CABEZAS,712020:534446d8-6025-4d73-b502-5a4945c157c4,,,,,,,,,0|i0003f:,,,,,{},Por hacer,23/ago/26 11:19 PM,10103,KAN-102,Reportes
"financiero: como suscriptor quiero ver un reporte financiero estimado, filtrable por fecha, servicio y colaborador, sabiendo que se basa en el precio de reservas completadas y no en cobros reales verificados. ",KAN-103,10104,Tarea,Por hacer,KAN,Paginas Web,software,JOSE ANDRES LORENZO SEGURA,62587f849e7380006fb40075,,Medium,,,,MARCO ANTONIO QUIROS CABEZAS,712020:534446d8-6025-4d73-b502-5a4945c157c4,MARCO ANTONIO QUIROS CABEZAS,712020:534446d8-6025-4d73-b502-5a4945c157c4,23/ago/26 11:19 PM,23/ago/26 11:19 PM,,,,0,,,MARCO ANTONIO QUIROS CABEZAS,712020:534446d8-6025-4d73-b502-5a4945c157c4,,,,,,,,,0|i0003j:,,,,,{},Por hacer,23/ago/26 11:19 PM,10103,KAN-102,Reportes
Reportes,KAN-102,10103,Epic,Por hacer,KAN,Paginas Web,software,JOSE ANDRES LORENZO SEGURA,62587f849e7380006fb40075,,Medium,,,,MARCO ANTONIO QUIROS CABEZAS,712020:534446d8-6025-4d73-b502-5a4945c157c4,MARCO ANTONIO QUIROS CABEZAS,712020:534446d8-6025-4d73-b502-5a4945c157c4,23/ago/26 11:19 PM,23/ago/26 11:20 PM,,,,0,,,MARCO ANTONIO QUIROS CABEZAS,712020:534446d8-6025-4d73-b502-5a4945c157c4,,,,,,,,,0|i0000y:mvv,,,,,{},Por hacer,23/ago/26 11:19 PM,,,
"como suscriptor quiero configurar mis propias alertas internas  (nueva reserva, cancelacion de un cliente, suscripcion por vencer, etc)",KAN-101,10102,Tarea,Por hacer,KAN,Paginas Web,software,JOSE ANDRES LORENZO SEGURA,62587f849e7380006fb40075,,Medium,,,,MARCO ANTONIO QUIROS CABEZAS,712020:534446d8-6025-4d73-b502-5a4945c157c4,MARCO ANTONIO QUIROS CABEZAS,712020:534446d8-6025-4d73-b502-5a4945c157c4,23/ago/26 11:18 PM,23/ago/26 11:18 PM,,,,0,,,MARCO ANTONIO QUIROS CABEZAS,712020:534446d8-6025-4d73-b502-5a4945c157c4,,,,,,,,,0|i00037:,,,,,{},Por hacer,23/ago/26 11:18 PM,10100,KAN-99,Notificaciones
"configurar: como suscriptor quiero configurar cómo y cuándo se envían los recordatorios de reservas a mis clientes, si el cliente habilitó el recordatorio.",KAN-100,10101,Tarea,Por hacer,KAN,Paginas Web,software,JOSE ANDRES LORENZO SEGURA,62587f849e7380006fb40075,,Medium,,,,MARCO ANTONIO QUIROS CABEZAS,712020:534446d8-6025-4d73-b502-5a4945c157c4,MARCO ANTONIO QUIROS CABEZAS,712020:534446d8-6025-4d73-b502-5a4945c157c4,23/ago/26 11:18 PM,23/ago/26 11:18 PM,,,,0,,,MARCO ANTONIO QUIROS CABEZAS,712020:534446d8-6025-4d73-b502-5a4945c157c4,,,,,,,,,0|i0003b:,,,,,{},Por hacer,23/ago/26 11:18 PM,10100,KAN-99,Notificaciones
Notificaciones,KAN-99,10100,Epic,Por hacer,KAN,Paginas Web,software,JOSE ANDRES LORENZO SEGURA,62587f849e7380006fb40075,,Medium,,,,MARCO ANTONIO QUIROS CABEZAS,712020:534446d8-6025-4d73-b502-5a4945c157c4,MARCO ANTONIO QUIROS CABEZAS,712020:534446d8-6025-4d73-b502-5a4945c157c4,23/ago/26 11:18 PM,23/ago/26 11:18 PM,,,,0,,,MARCO ANTONIO QUIROS CABEZAS,712020:534446d8-6025-4d73-b502-5a4945c157c4,,,,,,,,,0|i0000y:mvr,,,,,{},Por hacer,23/ago/26 11:18 PM,,,
"Como suscriptor quiero eliminar o anonimizar la información que mi negocio tiene sobre un cliente registrado cuando lo solicite, sin que esto afecte su cuenta en la plataforma ni su relación con otros negocios. ",KAN-98,10099,Tarea,Por hacer,KAN,Paginas Web,software,JOSE ANDRES LORENZO SEGURA,62587f849e7380006fb40075,,Medium,,,,MARCO ANTONIO QUIROS CABEZAS,712020:534446d8-6025-4d73-b502-5a4945c157c4,MARCO ANTONIO QUIROS CABEZAS,712020:534446d8-6025-4d73-b502-5a4945c157c4,23/ago/26 11:17 PM,23/ago/26 11:17 PM,,,,0,,,MARCO ANTONIO QUIROS CABEZAS,712020:534446d8-6025-4d73-b502-5a4945c157c4,,,,,,,,,0|i0002v:0i,,,,,{},Por hacer,23/ago/26 11:17 PM,10087,KAN-87,Gestion Clientes
"Como suscriptor quiero invitar a un cliente a completar su registro formal, enviándole un enlace de registro, para que en el futuro gestione sus propias reservas. ",KAN-97,10098,Tarea,Por hacer,KAN,Paginas Web,software,JOSE ANDRES LORENZO SEGURA,62587f849e7380006fb40075,,Medium,,,,MARCO ANTONIO QUIROS CABEZAS,712020:534446d8-6025-4d73-b502-5a4945c157c4,MARCO ANTONIO QUIROS CABEZAS,712020:534446d8-6025-4d73-b502-5a4945c157c4,23/ago/26 11:14 PM,23/ago/26 11:14 PM,,,,0,,,MARCO ANTONIO QUIROS CABEZAS,712020:534446d8-6025-4d73-b502-5a4945c157c4,,,,,,,,,0|i0002v:1,,,,,{},Por hacer,23/ago/26 11:14 PM,10087,KAN-87,Gestion Clientes
Navbar (Clientes),KAN-96,10097,Epic,Por hacer,KAN,Paginas Web,software,JOSE ANDRES LORENZO SEGURA,62587f849e7380006fb40075,,Medium,,,,CRISTIAN ALONSO ROJAS ALFARO,712020:10d48efb-6240-4d70-8b06-f9a54e505f50,CRISTIAN ALONSO ROJAS ALFARO,712020:10d48efb-6240-4d70-8b06-f9a54e505f50,23/ago/26 11:14 PM,23/ago/26 11:29 PM,,,,0,,,CRISTIAN ALONSO ROJAS ALFARO,712020:10d48efb-6240-4d70-8b06-f9a54e505f50,,,,,,,,,0|i0000y:mvw,,,,,{},Por hacer,23/ago/26 11:14 PM,,,
Como suscriptor quiero eliminar por completo un registro de cliente que no tenga reservas asociadas o se haya creado por error. ,KAN-95,10095,Tarea,Por hacer,KAN,Paginas Web,software,JOSE ANDRES LORENZO SEGURA,62587f849e7380006fb40075,,Medium,,,,MARCO ANTONIO QUIROS CABEZAS,712020:534446d8-6025-4d73-b502-5a4945c157c4,MARCO ANTONIO QUIROS CABEZAS,712020:534446d8-6025-4d73-b502-5a4945c157c4,23/ago/26 11:14 PM,23/ago/26 11:14 PM,,,,0,,,MARCO ANTONIO QUIROS CABEZAS,712020:534446d8-6025-4d73-b502-5a4945c157c4,,,,,,,,,0|i0002v:2,,,,,{},Por hacer,23/ago/26 11:14 PM,10087,KAN-87,Gestion Clientes
"Como suscriptor quiero desbloquear a un cliente previamente bloqueado, dejando también una breve nota del motivo del desbloqueo.",KAN-94,10094,Tarea,Por hacer,KAN,Paginas Web,software,JOSE ANDRES LORENZO SEGURA,62587f849e7380006fb40075,,Medium,,,,MARCO ANTONIO QUIROS CABEZAS,712020:534446d8-6025-4d73-b502-5a4945c157c4,MARCO ANTONIO QUIROS CABEZAS,712020:534446d8-6025-4d73-b502-5a4945c157c4,23/ago/26 11:14 PM,23/ago/26 11:14 PM,,,,0,,,MARCO ANTONIO QUIROS CABEZAS,712020:534446d8-6025-4d73-b502-5a4945c157c4,,,,,,,,,0|i0002v:4,,,,,{},Por hacer,23/ago/26 11:14 PM,10087,KAN-87,Gestion Clientes
"Como suscriptor quiero bloquear a un cliente para impedir que realice nuevas reservas únicamente con mi negocio (el bloqueo no afecta su cuenta ni su relación con otros negocios de la plataforma), indicando obligatoriamente un motivo interno. ",KAN-93,10093,Tarea,Por hacer,KAN,Paginas Web,software,JOSE ANDRES LORENZO SEGURA,62587f849e7380006fb40075,,Medium,,,,MARCO ANTONIO QUIROS CABEZAS,712020:534446d8-6025-4d73-b502-5a4945c157c4,MARCO ANTONIO QUIROS CABEZAS,712020:534446d8-6025-4d73-b502-5a4945c157c4,23/ago/26 11:13 PM,23/ago/26 11:13 PM,,,,0,,,MARCO ANTONIO QUIROS CABEZAS,712020:534446d8-6025-4d73-b502-5a4945c157c4,,,,,,,,,0|i0002v:9,,,,,{},Por hacer,23/ago/26 11:13 PM,10087,KAN-87,Gestion Clientes
"Como suscriptor quiero añadir notas internas privadas sobre un cliente, visibles solo para mi negocio. ",KAN-92,10092,Tarea,Por hacer,KAN,Paginas Web,software,JOSE ANDRES LORENZO SEGURA,62587f849e7380006fb40075,,Medium,,,,MARCO ANTONIO QUIROS CABEZAS,712020:534446d8-6025-4d73-b502-5a4945c157c4,MARCO ANTONIO QUIROS CABEZAS,712020:534446d8-6025-4d73-b502-5a4945c157c4,23/ago/26 11:13 PM,23/ago/26 11:13 PM,,,,0,,,MARCO ANTONIO QUIROS CABEZAS,712020:534446d8-6025-4d73-b502-5a4945c157c4,,,,,,,,,0|i0002v:i,,,,,{},Por hacer,23/ago/26 11:13 PM,10087,KAN-87,Gestion Clientes
"Como suscriptor quiero poder editar los datos básicos (nombre, teléfono, correo) de un cliente; si el cliente ya tiene una cuenta registrada en la plataforma.",KAN-91,10091,Tarea,Por hacer,KAN,Paginas Web,software,JOSE ANDRES LORENZO SEGURA,62587f849e7380006fb40075,,Medium,,,,MARCO ANTONIO QUIROS CABEZAS,712020:534446d8-6025-4d73-b502-5a4945c157c4,MARCO ANTONIO QUIROS CABEZAS,712020:534446d8-6025-4d73-b502-5a4945c157c4,23/ago/26 11:13 PM,23/ago/26 11:13 PM,,,,0,,,MARCO ANTONIO QUIROS CABEZAS,712020:534446d8-6025-4d73-b502-5a4945c157c4,,,,,,,,,0|i0002w:,,,,,{},Por hacer,23/ago/26 11:13 PM,10087,KAN-87,Gestion Clientes
"Como suscriptor quiero consultar el perfil completo de un cliente, incluyendo su historial de reservas conmigo y métricas clave (total de citas, cancelaciones, no-shows, fecha de última visita). ",KAN-90,10090,Tarea,Por hacer,KAN,Paginas Web,software,JOSE ANDRES LORENZO SEGURA,62587f849e7380006fb40075,,Medium,,,,MARCO ANTONIO QUIROS CABEZAS,712020:534446d8-6025-4d73-b502-5a4945c157c4,MARCO ANTONIO QUIROS CABEZAS,712020:534446d8-6025-4d73-b502-5a4945c157c4,23/ago/26 11:13 PM,23/ago/26 11:13 PM,,,,0,,,MARCO ANTONIO QUIROS CABEZAS,712020:534446d8-6025-4d73-b502-5a4945c157c4,,,,,,,,,0|i0002x:,,,,,{},Por hacer,23/ago/26 11:13 PM,10087,KAN-87,Gestion Clientes
"Como suscriptor quiero ver el listado de clientes que han usado mis servicios, paginado y con opciones de búsqueda y filtro (por nombre, correo, teléfono o estado activo/bloqueado), para encontrar rápidamente cualquier registro.",KAN-89,10089,Tarea,Por hacer,KAN,Paginas Web,software,JOSE ANDRES LORENZO SEGURA,62587f849e7380006fb40075,,Medium,,,,MARCO ANTONIO QUIROS CABEZAS,712020:534446d8-6025-4d73-b502-5a4945c157c4,MARCO ANTONIO QUIROS CABEZAS,712020:534446d8-6025-4d73-b502-5a4945c157c4,23/ago/26 11:13 PM,23/ago/26 11:13 PM,,,,0,,,MARCO ANTONIO QUIROS CABEZAS,712020:534446d8-6025-4d73-b502-5a4945c157c4,,,,,,,,,0|i0002z:,,,,,{},Por hacer,23/ago/26 11:13 PM,10087,KAN-87,Gestion Clientes
"Como suscriptor quiero registrar un cliente con datos mínimos (nombre y teléfono, sin necesidad de que tenga cuenta),agregándole directamente.",KAN-88,10088,Tarea,Por hacer,KAN,Paginas Web,software,JOSE ANDRES LORENZO SEGURA,62587f849e7380006fb40075,,Medium,,,,MARCO ANTONIO QUIROS CABEZAS,712020:534446d8-6025-4d73-b502-5a4945c157c4,MARCO ANTONIO QUIROS CABEZAS,712020:534446d8-6025-4d73-b502-5a4945c157c4,23/ago/26 11:13 PM,23/ago/26 11:13 PM,,,,0,,,MARCO ANTONIO QUIROS CABEZAS,712020:534446d8-6025-4d73-b502-5a4945c157c4,,,,,,,,,0|i00033:,,,,,{},Por hacer,23/ago/26 11:13 PM,10087,KAN-87,Gestion Clientes
Gestion Clientes,KAN-87,10087,Epic,Por hacer,KAN,Paginas Web,software,JOSE ANDRES LORENZO SEGURA,62587f849e7380006fb40075,,Medium,,,,MARCO ANTONIO QUIROS CABEZAS,712020:534446d8-6025-4d73-b502-5a4945c157c4,MARCO ANTONIO QUIROS CABEZAS,712020:534446d8-6025-4d73-b502-5a4945c157c4,23/ago/26 11:12 PM,23/ago/26 11:14 PM,,,,0,,,MARCO ANTONIO QUIROS CABEZAS,712020:534446d8-6025-4d73-b502-5a4945c157c4,,,,,,,,,0|i0000y:mvi,,,,,{},Por hacer,23/ago/26 11:12 PM,,,
Permisos/Roles: como suscriptor quiero definir qué puede hacer y que no cada colaborador en el panel. ,KAN-86,10086,Tarea,Por hacer,KAN,Paginas Web,software,JOSE ANDRES LORENZO SEGURA,62587f849e7380006fb40075,,Medium,,,,MARCO ANTONIO QUIROS CABEZAS,712020:534446d8-6025-4d73-b502-5a4945c157c4,MARCO ANTONIO QUIROS CABEZAS,712020:534446d8-6025-4d73-b502-5a4945c157c4,23/ago/26 11:12 PM,23/ago/26 11:12 PM,,,,0,,,MARCO ANTONIO QUIROS CABEZAS,712020:534446d8-6025-4d73-b502-5a4945c157c4,,,,,,,,,0|i0002n:1,,,,,{},Por hacer,23/ago/26 11:12 PM,10077,KAN-77,Gestion Colaboradores
"Como suscriptor quiero que al intentar crear un colaborador nuevo, si se excede el límite el sistema me avise y me ofrezca hacer upgrade de mi plan. ",KAN-85,10085,Tarea,Por hacer,KAN,Paginas Web,software,JOSE ANDRES LORENZO SEGURA,62587f849e7380006fb40075,,Medium,,,,MARCO ANTONIO QUIROS CABEZAS,712020:534446d8-6025-4d73-b502-5a4945c157c4,MARCO ANTONIO QUIROS CABEZAS,712020:534446d8-6025-4d73-b502-5a4945c157c4,23/ago/26 11:12 PM,23/ago/26 11:12 PM,,,,0,,,MARCO ANTONIO QUIROS CABEZAS,712020:534446d8-6025-4d73-b502-5a4945c157c4,,,,,,,,,0|i0002n:2,,,,,{},Por hacer,23/ago/26 11:12 PM,10077,KAN-77,Gestion Colaboradores
Como suscriptor quiero reenviar el correo de verificación o restablecimiento de contraseña a un colaborador. ,KAN-84,10084,Tarea,Por hacer,KAN,Paginas Web,software,JOSE ANDRES LORENZO SEGURA,62587f849e7380006fb40075,,Medium,,,,MARCO ANTONIO QUIROS CABEZAS,712020:534446d8-6025-4d73-b502-5a4945c157c4,MARCO ANTONIO QUIROS CABEZAS,712020:534446d8-6025-4d73-b502-5a4945c157c4,23/ago/26 11:12 PM,23/ago/26 11:12 PM,,,,0,,,MARCO ANTONIO QUIROS CABEZAS,712020:534446d8-6025-4d73-b502-5a4945c157c4,,,,,,,,,0|i0002n:4,,,,,{},Por hacer,23/ago/26 11:12 PM,10077,KAN-77,Gestion Colaboradores
Consultar: como suscriptor quiero ver el listado de colaboradores y filtrar  su estado activo/inactivo y paginado con su perfil de forma paginada(backend). ,KAN-83,10083,Tarea,Por hacer,KAN,Paginas Web,software,JOSE ANDRES LORENZO SEGURA,62587f849e7380006fb40075,,Medium,,,,MARCO ANTONIO QUIROS CABEZAS,712020:534446d8-6025-4d73-b502-5a4945c157c4,MARCO ANTONIO QUIROS CABEZAS,712020:534446d8-6025-4d73-b502-5a4945c157c4,23/ago/26 11:12 PM,23/ago/26 11:12 PM,,,,0,,,MARCO ANTONIO QUIROS CABEZAS,712020:534446d8-6025-4d73-b502-5a4945c157c4,,,,,,,,,0|i0002n:9,,,,,{},Por hacer,23/ago/26 11:12 PM,10077,KAN-77,Gestion Colaboradores
Reactivar: como suscriptor quiero reactivar un colaborador previamente desactivado. ,KAN-82,10082,Tarea,Por hacer,KAN,Paginas Web,software,JOSE ANDRES LORENZO SEGURA,62587f849e7380006fb40075,,Medium,,,,MARCO ANTONIO QUIROS CABEZAS,712020:534446d8-6025-4d73-b502-5a4945c157c4,MARCO ANTONIO QUIROS CABEZAS,712020:534446d8-6025-4d73-b502-5a4945c157c4,23/ago/26 11:12 PM,23/ago/26 11:12 PM,,,,0,,,MARCO ANTONIO QUIROS CABEZAS,712020:534446d8-6025-4d73-b502-5a4945c157c4,,,,,,,,,0|i0002n:i,,,,,{},Por hacer,23/ago/26 11:12 PM,10077,KAN-77,Gestion Colaboradores
Desactivar: como suscriptor quiero desactivar un colaborador para gestionar bajas temporales o indefinidas. ,KAN-81,10081,Tarea,Por hacer,KAN,Paginas Web,software,JOSE ANDRES LORENZO SEGURA,62587f849e7380006fb40075,,Medium,,,,MARCO ANTONIO QUIROS CABEZAS,712020:534446d8-6025-4d73-b502-5a4945c157c4,MARCO ANTONIO QUIROS CABEZAS,712020:534446d8-6025-4d73-b502-5a4945c157c4,23/ago/26 11:12 PM,23/ago/26 11:12 PM,,,,0,,,MARCO ANTONIO QUIROS CABEZAS,712020:534446d8-6025-4d73-b502-5a4945c157c4,,,,,,,,,0|i0002o:,,,,,{},Por hacer,23/ago/26 11:12 PM,10077,KAN-77,Gestion Colaboradores
Modificar: como suscriptor quiero editar los datos de los colaboradores existentes para actualizar su información.,KAN-80,10080,Tarea,Por hacer,KAN,Paginas Web,software,JOSE ANDRES LORENZO SEGURA,62587f849e7380006fb40075,,Medium,,,,MARCO ANTONIO QUIROS CABEZAS,712020:534446d8-6025-4d73-b502-5a4945c157c4,MARCO ANTONIO QUIROS CABEZAS,712020:534446d8-6025-4d73-b502-5a4945c157c4,23/ago/26 11:12 PM,23/ago/26 11:12 PM,,,,0,,,MARCO ANTONIO QUIROS CABEZAS,712020:534446d8-6025-4d73-b502-5a4945c157c4,,,,,,,,,0|i0002p:,,,,,{},Por hacer,23/ago/26 11:12 PM,10077,KAN-77,Gestion Colaboradores
Como suscriptor quiero que el sistema envíe una invitación por correo al colaborador para que active su propia cuenta y contraseña.,KAN-79,10079,Tarea,Por hacer,KAN,Paginas Web,software,JOSE ANDRES LORENZO SEGURA,62587f849e7380006fb40075,,Medium,,,,MARCO ANTONIO QUIROS CABEZAS,712020:534446d8-6025-4d73-b502-5a4945c157c4,MARCO ANTONIO QUIROS CABEZAS,712020:534446d8-6025-4d73-b502-5a4945c157c4,23/ago/26 11:11 PM,23/ago/26 11:11 PM,,,,0,,,MARCO ANTONIO QUIROS CABEZAS,712020:534446d8-6025-4d73-b502-5a4945c157c4,,,,,,,,,0|i0002r:,,,,,{},Por hacer,23/ago/26 11:11 PM,10077,KAN-77,Gestion Colaboradores
"Registrar: como suscriptor quiero registrar un nuevo colaborador indicando: nombre, correo, rol/permiso y los servicios que pueda atender. ",KAN-78,10078,Tarea,Por hacer,KAN,Paginas Web,software,JOSE ANDRES LORENZO SEGURA,62587f849e7380006fb40075,,Medium,,,,MARCO ANTONIO QUIROS CABEZAS,712020:534446d8-6025-4d73-b502-5a4945c157c4,MARCO ANTONIO QUIROS CABEZAS,712020:534446d8-6025-4d73-b502-5a4945c157c4,23/ago/26 11:11 PM,23/ago/26 11:11 PM,,,,0,,,MARCO ANTONIO QUIROS CABEZAS,712020:534446d8-6025-4d73-b502-5a4945c157c4,,,,,,,,,0|i0002v:,,,,,{},Por hacer,23/ago/26 11:11 PM,10077,KAN-77,Gestion Colaboradores
Gestion Colaboradores,KAN-77,10077,Epic,Por hacer,KAN,Paginas Web,software,JOSE ANDRES LORENZO SEGURA,62587f849e7380006fb40075,,Medium,,,,MARCO ANTONIO QUIROS CABEZAS,712020:534446d8-6025-4d73-b502-5a4945c157c4,MARCO ANTONIO QUIROS CABEZAS,712020:534446d8-6025-4d73-b502-5a4945c157c4,23/ago/26 11:11 PM,23/ago/26 11:11 PM,,,,0,,,MARCO ANTONIO QUIROS CABEZAS,712020:534446d8-6025-4d73-b502-5a4945c157c4,,,,,,,,,0|i0000y:mv,,,,,{},Por hacer,23/ago/26 11:11 PM,,,
Como suscriptor quiero consultar mi historial de reservas pasadas con filtros para manejar una trazabilidad de cómo opero mi negocio.,KAN-76,10076,Tarea,Por hacer,KAN,Paginas Web,software,JOSE ANDRES LORENZO SEGURA,62587f849e7380006fb40075,,Medium,,,,MARCO ANTONIO QUIROS CABEZAS,712020:534446d8-6025-4d73-b502-5a4945c157c4,MARCO ANTONIO QUIROS CABEZAS,712020:534446d8-6025-4d73-b502-5a4945c157c4,23/ago/26 11:11 PM,23/ago/26 11:11 PM,,,,0,,,MARCO ANTONIO QUIROS CABEZAS,712020:534446d8-6025-4d73-b502-5a4945c157c4,,,,,,,,,0|i0002g:02,,,,,{},Por hacer,23/ago/26 11:11 PM,10063,KAN-63,Gestión Agenda y Reservas
"Consultar: como suscriptor quiero visualizar el listado de reservas, que esté paginado para navegar más cómodamente. ",KAN-75,10075,Tarea,Por hacer,KAN,Paginas Web,software,JOSE ANDRES LORENZO SEGURA,62587f849e7380006fb40075,,Medium,,,,MARCO ANTONIO QUIROS CABEZAS,712020:534446d8-6025-4d73-b502-5a4945c157c4,MARCO ANTONIO QUIROS CABEZAS,712020:534446d8-6025-4d73-b502-5a4945c157c4,23/ago/26 11:11 PM,23/ago/26 11:11 PM,,,,0,,,MARCO ANTONIO QUIROS CABEZAS,712020:534446d8-6025-4d73-b502-5a4945c157c4,,,,,,,,,0|i0002g:04,,,,,{},Por hacer,23/ago/26 11:11 PM,10063,KAN-63,Gestión Agenda y Reservas
"Como suscriptor quiero marcar una reserva como “no se presentó” o “no show” cuando el cliente no se presentó, esto para diferenciarla de una cancelación de reserva. ",KAN-74,10074,Tarea,Por hacer,KAN,Paginas Web,software,JOSE ANDRES LORENZO SEGURA,62587f849e7380006fb40075,,Medium,,,,MARCO ANTONIO QUIROS CABEZAS,712020:534446d8-6025-4d73-b502-5a4945c157c4,MARCO ANTONIO QUIROS CABEZAS,712020:534446d8-6025-4d73-b502-5a4945c157c4,23/ago/26 11:11 PM,23/ago/26 11:11 PM,,,,0,,,MARCO ANTONIO QUIROS CABEZAS,712020:534446d8-6025-4d73-b502-5a4945c157c4,,,,,,,,,0|i0002g:09,,,,,{},Por hacer,23/ago/26 11:11 PM,10063,KAN-63,Gestión Agenda y Reservas
Como suscriptor quiero marcar una reserva como “completada” para manejar mis métricas de negocio,KAN-73,10073,Tarea,Por hacer,KAN,Paginas Web,software,JOSE ANDRES LORENZO SEGURA,62587f849e7380006fb40075,,Medium,,,,MARCO ANTONIO QUIROS CABEZAS,712020:534446d8-6025-4d73-b502-5a4945c157c4,MARCO ANTONIO QUIROS CABEZAS,712020:534446d8-6025-4d73-b502-5a4945c157c4,23/ago/26 11:11 PM,23/ago/26 11:11 PM,,,,0,,,MARCO ANTONIO QUIROS CABEZAS,712020:534446d8-6025-4d73-b502-5a4945c157c4,,,,,,,,,0|i0002g:0i,,,,,{},Por hacer,23/ago/26 11:11 PM,10063,KAN-63,Gestión Agenda y Reservas
Como suscriptor quiero cancelar una reserva con la opción de registrar si se penaliza o no dejando una nota aclarativa. ,KAN-72,10072,Tarea,Por hacer,KAN,Paginas Web,software,JOSE ANDRES LORENZO SEGURA,62587f849e7380006fb40075,,Medium,,,,MARCO ANTONIO QUIROS CABEZAS,712020:534446d8-6025-4d73-b502-5a4945c157c4,MARCO ANTONIO QUIROS CABEZAS,712020:534446d8-6025-4d73-b502-5a4945c157c4,23/ago/26 11:10 PM,23/ago/26 11:10 PM,,,,0,,,MARCO ANTONIO QUIROS CABEZAS,712020:534446d8-6025-4d73-b502-5a4945c157c4,,,,,,,,,0|i0002g:1,,,,,{},Por hacer,23/ago/26 11:10 PM,10063,KAN-63,Gestión Agenda y Reservas
"Reprogramación: como usuario quiero reprogramar una reserva de forma manual, ya sea ajustar fecha y hora o día, dependiendo de la disponibilidad (que no se sobreescriba). ",KAN-71,10071,Tarea,Por hacer,KAN,Paginas Web,software,JOSE ANDRES LORENZO SEGURA,62587f849e7380006fb40075,,Medium,,,,MARCO ANTONIO QUIROS CABEZAS,712020:534446d8-6025-4d73-b502-5a4945c157c4,MARCO ANTONIO QUIROS CABEZAS,712020:534446d8-6025-4d73-b502-5a4945c157c4,23/ago/26 11:10 PM,23/ago/26 11:10 PM,,,,0,,,MARCO ANTONIO QUIROS CABEZAS,712020:534446d8-6025-4d73-b502-5a4945c157c4,,,,,,,,,0|i0002g:2,,,,,{},Por hacer,23/ago/26 11:10 PM,10063,KAN-63,Gestión Agenda y Reservas
Confirmar:Como suscriptor quiero definir si las reservas de mi negocio requieren confirmación manual o se confirman automáticamente al crearse.,KAN-70,10070,Tarea,Por hacer,KAN,Paginas Web,software,JOSE ANDRES LORENZO SEGURA,62587f849e7380006fb40075,,Medium,,,,MARCO ANTONIO QUIROS CABEZAS,712020:534446d8-6025-4d73-b502-5a4945c157c4,MARCO ANTONIO QUIROS CABEZAS,712020:534446d8-6025-4d73-b502-5a4945c157c4,23/ago/26 11:10 PM,23/ago/26 11:10 PM,,,,0,,,MARCO ANTONIO QUIROS CABEZAS,712020:534446d8-6025-4d73-b502-5a4945c157c4,,,,,,,,,0|i0002g:4,,,,,{},Por hacer,23/ago/26 11:10 PM,10063,KAN-63,Gestión Agenda y Reservas
"Crear: como usuario quiero crear una reserva manualmente (casos especiales, o por llamada, que no se hagan por la página) con las misma validación de espacio que los clientes para evitar doble reserva de forma simultánea ",KAN-69,10069,Tarea,Por hacer,KAN,Paginas Web,software,JOSE ANDRES LORENZO SEGURA,62587f849e7380006fb40075,,Medium,,,,MARCO ANTONIO QUIROS CABEZAS,712020:534446d8-6025-4d73-b502-5a4945c157c4,MARCO ANTONIO QUIROS CABEZAS,712020:534446d8-6025-4d73-b502-5a4945c157c4,23/ago/26 11:10 PM,23/ago/26 11:10 PM,,,,0,,,MARCO ANTONIO QUIROS CABEZAS,712020:534446d8-6025-4d73-b502-5a4945c157c4,,,,,,,,,0|i0002g:9,,,,,{},Por hacer,23/ago/26 11:10 PM,10063,KAN-63,Gestión Agenda y Reservas
Como suscriptor quiero visualizar que colaboradores tienen disponibilidad y cupo lleno para manejar mejor la carga de cada uno.,KAN-68,10068,Tarea,Por hacer,KAN,Paginas Web,software,JOSE ANDRES LORENZO SEGURA,62587f849e7380006fb40075,,Medium,,,,MARCO ANTONIO QUIROS CABEZAS,712020:534446d8-6025-4d73-b502-5a4945c157c4,MARCO ANTONIO QUIROS CABEZAS,712020:534446d8-6025-4d73-b502-5a4945c157c4,23/ago/26 11:10 PM,23/ago/26 11:10 PM,,,,0,,,MARCO ANTONIO QUIROS CABEZAS,712020:534446d8-6025-4d73-b502-5a4945c157c4,,,,,,,,,0|i0002g:i,,,,,{},Por hacer,23/ago/26 11:10 PM,10063,KAN-63,Gestión Agenda y Reservas
"Como suscriptor quiero visualizar mi agenda en vista semanal o diaria, filtrar por colaborador, viendo en un mismo calendario tanto días bloqueados como las reservas reales. ",KAN-67,10067,Tarea,Por hacer,KAN,Paginas Web,software,JOSE ANDRES LORENZO SEGURA,62587f849e7380006fb40075,,Medium,,,,MARCO ANTONIO QUIROS CABEZAS,712020:534446d8-6025-4d73-b502-5a4945c157c4,MARCO ANTONIO QUIROS CABEZAS,712020:534446d8-6025-4d73-b502-5a4945c157c4,23/ago/26 11:10 PM,23/ago/26 11:10 PM,,,,0,,,MARCO ANTONIO QUIROS CABEZAS,712020:534446d8-6025-4d73-b502-5a4945c157c4,,,,,,,,,0|i0002g:,,,,,{},Por hacer,23/ago/26 11:10 PM,10063,KAN-63,Gestión Agenda y Reservas
"Como suscriptor quiero bloquear días completos como feriados por ejemplo, o por ausencia de colaboradores, vacaciones incapacidad etc.",KAN-66,10066,Tarea,Por hacer,KAN,Paginas Web,software,JOSE ANDRES LORENZO SEGURA,62587f849e7380006fb40075,,Medium,,,,MARCO ANTONIO QUIROS CABEZAS,712020:534446d8-6025-4d73-b502-5a4945c157c4,MARCO ANTONIO QUIROS CABEZAS,712020:534446d8-6025-4d73-b502-5a4945c157c4,23/ago/26 11:10 PM,23/ago/26 11:10 PM,,,,0,,,MARCO ANTONIO QUIROS CABEZAS,712020:534446d8-6025-4d73-b502-5a4945c157c4,,,,,,,,,0|i0002h:,,,,,{},Por hacer,23/ago/26 11:10 PM,10063,KAN-63,Gestión Agenda y Reservas
"Como suscriptor quiero bloquear los tiempos de agenda, ya sea de descanso o por alguna razón particular, a nivel de negocio. (Hora almuerzo, o si por alguna razón no hay colaboradores en la mañana)",KAN-65,10065,Tarea,Por hacer,KAN,Paginas Web,software,JOSE ANDRES LORENZO SEGURA,62587f849e7380006fb40075,,Medium,,,,MARCO ANTONIO QUIROS CABEZAS,712020:534446d8-6025-4d73-b502-5a4945c157c4,MARCO ANTONIO QUIROS CABEZAS,712020:534446d8-6025-4d73-b502-5a4945c157c4,23/ago/26 11:09 PM,23/ago/26 11:09 PM,,,,0,,,MARCO ANTONIO QUIROS CABEZAS,712020:534446d8-6025-4d73-b502-5a4945c157c4,,,,,,,,,0|i0002j:,,,,,{},Por hacer,23/ago/26 11:09 PM,10063,KAN-63,Gestión Agenda y Reservas
Como suscriptor quiero configurar el horario de atención general de mi negocio para que los clientes solo vean horarios válidos.,KAN-64,10064,Tarea,Por hacer,KAN,Paginas Web,software,JOSE ANDRES LORENZO SEGURA,62587f849e7380006fb40075,,Medium,,,,MARCO ANTONIO QUIROS CABEZAS,712020:534446d8-6025-4d73-b502-5a4945c157c4,MARCO ANTONIO QUIROS CABEZAS,712020:534446d8-6025-4d73-b502-5a4945c157c4,23/ago/26 11:09 PM,23/ago/26 11:09 PM,,,,0,,,MARCO ANTONIO QUIROS CABEZAS,712020:534446d8-6025-4d73-b502-5a4945c157c4,,,,,,,,,0|i0002n:,,,,,{},Por hacer,23/ago/26 11:09 PM,10063,KAN-63,Gestión Agenda y Reservas
Gestión Agenda y Reservas,KAN-63,10063,Epic,Por hacer,KAN,Paginas Web,software,JOSE ANDRES LORENZO SEGURA,62587f849e7380006fb40075,,Medium,,,,MARCO ANTONIO QUIROS CABEZAS,712020:534446d8-6025-4d73-b502-5a4945c157c4,MARCO ANTONIO QUIROS CABEZAS,712020:534446d8-6025-4d73-b502-5a4945c157c4,23/ago/26 11:09 PM,23/ago/26 11:09 PM,,,,0,,,MARCO ANTONIO QUIROS CABEZAS,712020:534446d8-6025-4d73-b502-5a4945c157c4,,,,,,,,,0|i0000y:mr,,,,,{},Por hacer,23/ago/26 11:09 PM,,,
"como suscriptor quiero que el precio y duración vigente al momento de crear una reserva quedan guardados según el momento que se hizo, es decir, que si hay cambios posteriores en el servicio no alteren los reportes de ingresos pasados.",KAN-62,10062,Tarea,Por hacer,KAN,Paginas Web,software,JOSE ANDRES LORENZO SEGURA,62587f849e7380006fb40075,,Medium,,,,MARCO ANTONIO QUIROS CABEZAS,712020:534446d8-6025-4d73-b502-5a4945c157c4,MARCO ANTONIO QUIROS CABEZAS,712020:534446d8-6025-4d73-b502-5a4945c157c4,23/ago/26 11:08 PM,23/ago/26 11:08 PM,,,,0,,,MARCO ANTONIO QUIROS CABEZAS,712020:534446d8-6025-4d73-b502-5a4945c157c4,,,,,,,,,0|i00027:1,,,,,{},Por hacer,23/ago/26 11:08 PM,10029,KAN-30,Gestión de servicio
"Asignar colaboradores: como suscriptor quiero asignar uno o varios colaboradores a un servicio y definir si el cliente puede elegir a cual, o si el sistema asigna uno disponible automáticamente.",KAN-61,10061,Tarea,Por hacer,KAN,Paginas Web,software,JOSE ANDRES LORENZO SEGURA,62587f849e7380006fb40075,,Medium,,,,MARCO ANTONIO QUIROS CABEZAS,712020:534446d8-6025-4d73-b502-5a4945c157c4,MARCO ANTONIO QUIROS CABEZAS,712020:534446d8-6025-4d73-b502-5a4945c157c4,23/ago/26 11:08 PM,23/ago/26 11:08 PM,,,,0,,,MARCO ANTONIO QUIROS CABEZAS,712020:534446d8-6025-4d73-b502-5a4945c157c4,,,,,,,,,0|i00027:2,,,,,{},Por hacer,23/ago/26 11:08 PM,10029,KAN-30,Gestión de servicio
"Descuentos: como suscriptor quiero configurar descuentos o promociones sobre un servicio existente, definiendo porcentaje, monto fijo o reservas y su vigencia por fechas, esto para incentivar a mis clientes.",KAN-60,10060,Tarea,Por hacer,KAN,Paginas Web,software,JOSE ANDRES LORENZO SEGURA,62587f849e7380006fb40075,,Medium,,,,MARCO ANTONIO QUIROS CABEZAS,712020:534446d8-6025-4d73-b502-5a4945c157c4,MARCO ANTONIO QUIROS CABEZAS,712020:534446d8-6025-4d73-b502-5a4945c157c4,23/ago/26 11:08 PM,23/ago/26 11:08 PM,,,,0,,,MARCO ANTONIO QUIROS CABEZAS,712020:534446d8-6025-4d73-b502-5a4945c157c4,,,,,,,,,0|i00027:4,,,,,{},Por hacer,23/ago/26 11:08 PM,10029,KAN-30,Gestión de servicio
"Eliminar: como suscriptor quiero eliminar un servicio desactivado solo cuando no tenga reservas activas asociadas o pendientes, y si las tiene que el sistema no me permita eliminarlo. ",KAN-59,10059,Tarea,Por hacer,KAN,Paginas Web,software,JOSE ANDRES LORENZO SEGURA,62587f849e7380006fb40075,,Medium,,,,MARCO ANTONIO QUIROS CABEZAS,712020:534446d8-6025-4d73-b502-5a4945c157c4,MARCO ANTONIO QUIROS CABEZAS,712020:534446d8-6025-4d73-b502-5a4945c157c4,23/ago/26 11:08 PM,23/ago/26 11:08 PM,,,,0,,,MARCO ANTONIO QUIROS CABEZAS,712020:534446d8-6025-4d73-b502-5a4945c157c4,,,,,,,,,0|i00027:9,,,,,{},Por hacer,23/ago/26 11:08 PM,10029,KAN-30,Gestión de servicio
Desactivar: como suscriptor quiero desactivar u ocultar un servicio sin eliminarlo para que no se muestre en catálogo.,KAN-58,10058,Tarea,Por hacer,KAN,Paginas Web,software,JOSE ANDRES LORENZO SEGURA,62587f849e7380006fb40075,,Medium,,,,MARCO ANTONIO QUIROS CABEZAS,712020:534446d8-6025-4d73-b502-5a4945c157c4,MARCO ANTONIO QUIROS CABEZAS,712020:534446d8-6025-4d73-b502-5a4945c157c4,23/ago/26 11:08 PM,23/ago/26 11:08 PM,,,,0,,,MARCO ANTONIO QUIROS CABEZAS,712020:534446d8-6025-4d73-b502-5a4945c157c4,,,,,,,,,0|i00027:i,,,,,{},Por hacer,23/ago/26 11:08 PM,10029,KAN-30,Gestión de servicio
Activar: como suscriptor quiero activar servicios ya sean nuevos o desactivados. ,KAN-57,10057,Tarea,Por hacer,KAN,Paginas Web,software,JOSE ANDRES LORENZO SEGURA,62587f849e7380006fb40075,,Medium,,,,MARCO ANTONIO QUIROS CABEZAS,712020:534446d8-6025-4d73-b502-5a4945c157c4,MARCO ANTONIO QUIROS CABEZAS,712020:534446d8-6025-4d73-b502-5a4945c157c4,23/ago/26 11:08 PM,23/ago/26 11:08 PM,,,,0,,,MARCO ANTONIO QUIROS CABEZAS,712020:534446d8-6025-4d73-b502-5a4945c157c4,,,,,,,,,0|i00028:,,,,,{},Por hacer,23/ago/26 11:08 PM,10029,KAN-30,Gestión de servicio
Modificar: cómo suscriptor quiero editar un servicio existente.,KAN-56,10056,Tarea,Por hacer,KAN,Paginas Web,software,JOSE ANDRES LORENZO SEGURA,62587f849e7380006fb40075,,Medium,,,,MARCO ANTONIO QUIROS CABEZAS,712020:534446d8-6025-4d73-b502-5a4945c157c4,MARCO ANTONIO QUIROS CABEZAS,712020:534446d8-6025-4d73-b502-5a4945c157c4,23/ago/26 11:08 PM,23/ago/26 11:08 PM,,,,0,,,MARCO ANTONIO QUIROS CABEZAS,712020:534446d8-6025-4d73-b502-5a4945c157c4,,,,,,,,,0|i00029:,,,,,{},Por hacer,23/ago/26 11:08 PM,10029,KAN-30,Gestión de servicio
consultar/filtrar: como suscriptor quiero visualizar los servicios ya existentes para encontrar información rápidamente.,KAN-55,10055,Tarea,Por hacer,KAN,Paginas Web,software,JOSE ANDRES LORENZO SEGURA,62587f849e7380006fb40075,,Medium,,,,MARCO ANTONIO QUIROS CABEZAS,712020:534446d8-6025-4d73-b502-5a4945c157c4,MARCO ANTONIO QUIROS CABEZAS,712020:534446d8-6025-4d73-b502-5a4945c157c4,23/ago/26 11:07 PM,23/ago/26 11:07 PM,,,,0,,,MARCO ANTONIO QUIROS CABEZAS,712020:534446d8-6025-4d73-b502-5a4945c157c4,,,,,,,,,0|i0002b:,,,,,{},Por hacer,23/ago/26 11:07 PM,10029,KAN-30,Gestión de servicio
"Crear: como suscriptor quiero crear un servicio con lo siguiente: nombre, descripción, precio,  duración aproximada (imagen) y poder agregar más características para ofrecerlo a mis clientes.",KAN-54,10054,Tarea,Por hacer,KAN,Paginas Web,software,JOSE ANDRES LORENZO SEGURA,62587f849e7380006fb40075,,Medium,,,,MARCO ANTONIO QUIROS CABEZAS,712020:534446d8-6025-4d73-b502-5a4945c157c4,MARCO ANTONIO QUIROS CABEZAS,712020:534446d8-6025-4d73-b502-5a4945c157c4,23/ago/26 11:07 PM,23/ago/26 11:07 PM,,,,0,,,MARCO ANTONIO QUIROS CABEZAS,712020:534446d8-6025-4d73-b502-5a4945c157c4,,,,,,,,,0|i0002f:,,,,,{},Por hacer,23/ago/26 11:07 PM,10029,KAN-30,Gestión de servicio
Cambiar contraseña: como suscriptor quiero acceder a cambiar la contraseña desde configuraciones,KAN-53,10053,Tarea,Por hacer,KAN,Paginas Web,software,JOSE ANDRES LORENZO SEGURA,62587f849e7380006fb40075,,Medium,,,,MARCO ANTONIO QUIROS CABEZAS,712020:534446d8-6025-4d73-b502-5a4945c157c4,MARCO ANTONIO QUIROS CABEZAS,712020:534446d8-6025-4d73-b502-5a4945c157c4,23/ago/26 11:07 PM,23/ago/26 11:07 PM,,,,0,,,MARCO ANTONIO QUIROS CABEZAS,712020:534446d8-6025-4d73-b502-5a4945c157c4,,,,,,,,,0|i00021:,,,,,{},Por hacer,23/ago/26 11:07 PM,10030,KAN-31,Settings
Tema: como suscriptor quiero cambiar la apariencia entre claro/oscuro de mi página/interfaz gráfica.,KAN-52,10052,Tarea,Por hacer,KAN,Paginas Web,software,JOSE ANDRES LORENZO SEGURA,62587f849e7380006fb40075,,Medium,,,,MARCO ANTONIO QUIROS CABEZAS,712020:534446d8-6025-4d73-b502-5a4945c157c4,MARCO ANTONIO QUIROS CABEZAS,712020:534446d8-6025-4d73-b502-5a4945c157c4,23/ago/26 11:07 PM,23/ago/26 11:07 PM,,,,0,,,MARCO ANTONIO QUIROS CABEZAS,712020:534446d8-6025-4d73-b502-5a4945c157c4,,,,,,,,,0|i00023:,,,,,{},Por hacer,23/ago/26 11:07 PM,10030,KAN-31,Settings
Idioma: como suscriptor quiero cambiar idioma entre inglés y español ,KAN-51,10051,Tarea,Por hacer,KAN,Paginas Web,software,JOSE ANDRES LORENZO SEGURA,62587f849e7380006fb40075,,Medium,,,,MARCO ANTONIO QUIROS CABEZAS,712020:534446d8-6025-4d73-b502-5a4945c157c4,MARCO ANTONIO QUIROS CABEZAS,712020:534446d8-6025-4d73-b502-5a4945c157c4,23/ago/26 11:07 PM,23/ago/26 11:07 PM,,,,0,,,MARCO ANTONIO QUIROS CABEZAS,712020:534446d8-6025-4d73-b502-5a4945c157c4,,,,,,,,,0|i00027:,,,,,{},Por hacer,23/ago/26 11:07 PM,10030,KAN-31,Settings
"Como suscriptor quiero que, si un cobro automático de renovación falla, el sistema reintente el cobro y me notifique en cada intento antes de marcar mi suscripción como vencida. ",KAN-50,10050,Tarea,Por hacer,KAN,Paginas Web,software,JOSE ANDRES LORENZO SEGURA,62587f849e7380006fb40075,,Medium,,,,MARCO ANTONIO QUIROS CABEZAS,712020:534446d8-6025-4d73-b502-5a4945c157c4,MARCO ANTONIO QUIROS CABEZAS,712020:534446d8-6025-4d73-b502-5a4945c157c4,23/ago/26 11:06 PM,23/ago/26 11:06 PM,,,,0,,,MARCO ANTONIO QUIROS CABEZAS,712020:534446d8-6025-4d73-b502-5a4945c157c4,,,,,,,,,0|i0001r:b,,,,,{},Por hacer,23/ago/26 11:06 PM,10031,KAN-32,Gestión de suscripción
"Como suscriptor quiero que, al quedar mi suscripción vencida o cancelada mi acceso se restrinja automáticamente a solo lectura de mis datos históricos, sin poder crear nuevas reservas ni servicios.",KAN-49,10049,Tarea,Por hacer,KAN,Paginas Web,software,JOSE ANDRES LORENZO SEGURA,62587f849e7380006fb40075,,Medium,,,,MARCO ANTONIO QUIROS CABEZAS,712020:534446d8-6025-4d73-b502-5a4945c157c4,MARCO ANTONIO QUIROS CABEZAS,712020:534446d8-6025-4d73-b502-5a4945c157c4,23/ago/26 11:06 PM,23/ago/26 11:06 PM,,,,0,,,MARCO ANTONIO QUIROS CABEZAS,712020:534446d8-6025-4d73-b502-5a4945c157c4,,,,,,,,,0|i0001r:d,,,,,{},Por hacer,23/ago/26 11:06 PM,10031,KAN-32,Gestión de suscripción
"Como suscriptor quiero que, si un cobro automático de renovación falla, el sistema reintente el cobro y me notifique en cada intento antes de marcar mi suscripción como vencida.",KAN-48,10048,Tarea,Por hacer,KAN,Paginas Web,software,JOSE ANDRES LORENZO SEGURA,62587f849e7380006fb40075,,Medium,,,,MARCO ANTONIO QUIROS CABEZAS,712020:534446d8-6025-4d73-b502-5a4945c157c4,MARCO ANTONIO QUIROS CABEZAS,712020:534446d8-6025-4d73-b502-5a4945c157c4,23/ago/26 11:05 PM,23/ago/26 11:05 PM,,,,0,,,MARCO ANTONIO QUIROS CABEZAS,712020:534446d8-6025-4d73-b502-5a4945c157c4,,,,,,,,,0|i0001r:9,,,,,{},Por hacer,23/ago/26 11:05 PM,10031,KAN-32,Gestión de suscripción
"Como suscriptor quiero cancelar mi suscripción para detener la renovación automática cuando ya no desee continuar usando la plataforma, conservando mi acceso completo hasta el final del periodo que ya pagué.",KAN-47,10046,Tarea,Por hacer,KAN,Paginas Web,software,JOSE ANDRES LORENZO SEGURA,62587f849e7380006fb40075,,Medium,,,,MARCO ANTONIO QUIROS CABEZAS,712020:534446d8-6025-4d73-b502-5a4945c157c4,MARCO ANTONIO QUIROS CABEZAS,712020:534446d8-6025-4d73-b502-5a4945c157c4,23/ago/26 11:04 PM,23/ago/26 11:04 PM,,,,0,,,MARCO ANTONIO QUIROS CABEZAS,712020:534446d8-6025-4d73-b502-5a4945c157c4,,,,,,,,,0|i0001r:i,,,,,{},Por hacer,23/ago/26 11:04 PM,10031,KAN-32,Gestión de suscripción
historial pagos: como suscriptor quiero consultar el historial de pagos de mi suscripción,KAN-46,10045,Tarea,Por hacer,KAN,Paginas Web,software,JOSE ANDRES LORENZO SEGURA,62587f849e7380006fb40075,,Medium,,,,MARCO ANTONIO QUIROS CABEZAS,712020:534446d8-6025-4d73-b502-5a4945c157c4,MARCO ANTONIO QUIROS CABEZAS,712020:534446d8-6025-4d73-b502-5a4945c157c4,23/ago/26 11:03 PM,23/ago/26 11:03 PM,,,,0,,,MARCO ANTONIO QUIROS CABEZAS,712020:534446d8-6025-4d73-b502-5a4945c157c4,,,,,,,,,0|i0001s:,,,,,{},Por hacer,23/ago/26 11:03 PM,10031,KAN-32,Gestión de suscripción
pagar: como suscriptor quiero pagar mi suscripción (mediante la pasarela simulada ) y recibir un comprobante de pago descargable,KAN-45,10044,Tarea,Por hacer,KAN,Paginas Web,software,JOSE ANDRES LORENZO SEGURA,62587f849e7380006fb40075,,Medium,,,,MARCO ANTONIO QUIROS CABEZAS,712020:534446d8-6025-4d73-b502-5a4945c157c4,MARCO ANTONIO QUIROS CABEZAS,712020:534446d8-6025-4d73-b502-5a4945c157c4,23/ago/26 11:03 PM,23/ago/26 11:03 PM,,,,0,,,MARCO ANTONIO QUIROS CABEZAS,712020:534446d8-6025-4d73-b502-5a4945c157c4,,,,,,,,,0|i0001t:,,,,,{},Por hacer,23/ago/26 11:03 PM,10031,KAN-32,Gestión de suscripción
cambiar plan: como suscriptor quiero hacer upgrade de mi plan de suscripción y comparar características,KAN-44,10043,Tarea,Por hacer,KAN,Paginas Web,software,JOSE ANDRES LORENZO SEGURA,62587f849e7380006fb40075,,Medium,,,,MARCO ANTONIO QUIROS CABEZAS,712020:534446d8-6025-4d73-b502-5a4945c157c4,MARCO ANTONIO QUIROS CABEZAS,712020:534446d8-6025-4d73-b502-5a4945c157c4,23/ago/26 11:02 PM,23/ago/26 11:02 PM,,,,0,,,MARCO ANTONIO QUIROS CABEZAS,712020:534446d8-6025-4d73-b502-5a4945c157c4,,,,,,,,,0|i0001v:,,,,,{},Por hacer,23/ago/26 11:02 PM,10031,KAN-32,Gestión de suscripción
consultar plan: como suscriptor quiero ver el estado actual de mi suscripción ,KAN-43,10042,Tarea,Por hacer,KAN,Paginas Web,software,JOSE ANDRES LORENZO SEGURA,62587f849e7380006fb40075,,Medium,,,,MARCO ANTONIO QUIROS CABEZAS,712020:534446d8-6025-4d73-b502-5a4945c157c4,MARCO ANTONIO QUIROS CABEZAS,712020:534446d8-6025-4d73-b502-5a4945c157c4,23/ago/26 11:01 PM,23/ago/26 11:01 PM,,,,0,,,MARCO ANTONIO QUIROS CABEZAS,712020:534446d8-6025-4d73-b502-5a4945c157c4,,,,,,,,,0|i0001z:,,,,,{},Por hacer,23/ago/26 11:01 PM,10031,KAN-32,Gestión de suscripción
Como suscriptor quiero cerrar sesión desde la barra lateral para proteger el acceso a mi cuenta cuando termino de usar la plataforma.,KAN-42,10041,Tarea,Por hacer,KAN,Paginas Web,software,JOSE ANDRES LORENZO SEGURA,62587f849e7380006fb40075,,Medium,,,,MARCO ANTONIO QUIROS CABEZAS,712020:534446d8-6025-4d73-b502-5a4945c157c4,MARCO ANTONIO QUIROS CABEZAS,712020:534446d8-6025-4d73-b502-5a4945c157c4,23/ago/26 11:00 PM,23/ago/26 11:00 PM,,,,0,,,MARCO ANTONIO QUIROS CABEZAS,712020:534446d8-6025-4d73-b502-5a4945c157c4,,,,,,,,,0|i0001k:,,,,,{},Por hacer,23/ago/26 11:00 PM,10028,KAN-29,Sidebar (Logout)
como suscriptor quiero ver un banner de aviso si mi suscripción está por vencer.,KAN-41,10040,Tarea,Por hacer,KAN,Paginas Web,software,JOSE ANDRES LORENZO SEGURA,62587f849e7380006fb40075,,Medium,,,,MARCO ANTONIO QUIROS CABEZAS,712020:534446d8-6025-4d73-b502-5a4945c157c4,MARCO ANTONIO QUIROS CABEZAS,712020:534446d8-6025-4d73-b502-5a4945c157c4,23/ago/26 11:00 PM,23/ago/26 11:00 PM,,,,0,,,MARCO ANTONIO QUIROS CABEZAS,712020:534446d8-6025-4d73-b502-5a4945c157c4,,,,,,,,,0|i0001l:,,,,,{},Por hacer,23/ago/26 11:00 PM,10028,KAN-29,Sidebar (Logout)
como suscriptor quiero ver un banner de mi suscripción,KAN-40,10039,Tarea,Por hacer,KAN,Paginas Web,software,JOSE ANDRES LORENZO SEGURA,62587f849e7380006fb40075,,Medium,,,,MARCO ANTONIO QUIROS CABEZAS,712020:534446d8-6025-4d73-b502-5a4945c157c4,MARCO ANTONIO QUIROS CABEZAS,712020:534446d8-6025-4d73-b502-5a4945c157c4,23/ago/26 11:00 PM,23/ago/26 11:00 PM,,,,0,,,MARCO ANTONIO QUIROS CABEZAS,712020:534446d8-6025-4d73-b502-5a4945c157c4,,,,,,,,,0|i0001n:,,,,,{},Por hacer,23/ago/26 11:00 PM,10028,KAN-29,Sidebar (Logout)
Como suscriptor quiero ver el nombre y logo de mi negocio en la barra lateral.,KAN-39,10038,Tarea,Por hacer,KAN,Paginas Web,software,JOSE ANDRES LORENZO SEGURA,62587f849e7380006fb40075,,Medium,,,,MARCO ANTONIO QUIROS CABEZAS,712020:534446d8-6025-4d73-b502-5a4945c157c4,MARCO ANTONIO QUIROS CABEZAS,712020:534446d8-6025-4d73-b502-5a4945c157c4,23/ago/26 11:00 PM,23/ago/26 11:00 PM,,,,0,,,MARCO ANTONIO QUIROS CABEZAS,712020:534446d8-6025-4d73-b502-5a4945c157c4,,,,,,,,,0|i0001r:,,,,,{},Por hacer,23/ago/26 11:00 PM,10028,KAN-29,Sidebar (Logout)
"Como usuario quiero que mi sesión genere un token de seguridad que me desloguee automáticamente tras un tiempo de inactividad, para proteger mi información.",KAN-38,10037,Tarea,Por hacer,KAN,Paginas Web,software,JOSE ANDRES LORENZO SEGURA,62587f849e7380006fb40075,,Medium,,,,Joshua Picado,712020:7bde26d9-d0b8-405c-bca2-1b6e633bfffd,Joshua Picado,712020:7bde26d9-d0b8-405c-bca2-1b6e633bfffd,23/ago/26 9:51 PM,23/ago/26 9:51 PM,,,,0,,,Joshua Picado,712020:7bde26d9-d0b8-405c-bca2-1b6e633bfffd,,,,,,,,,0|i0001b:9,,,,,{},Por hacer,23/ago/26 9:51 PM,10027,KAN-28,Login
Como usuario quiero recibir retroalimentación visual sobre la seguridad de mi contraseña al recuperarla para garantizar que sea lo suficientemente fuerte.,KAN-37,10036,Tarea,Por hacer,KAN,Paginas Web,software,JOSE ANDRES LORENZO SEGURA,62587f849e7380006fb40075,,Medium,,,,Joshua Picado,712020:7bde26d9-d0b8-405c-bca2-1b6e633bfffd,Joshua Picado,712020:7bde26d9-d0b8-405c-bca2-1b6e633bfffd,23/ago/26 9:50 PM,23/ago/26 9:50 PM,,,,0,,,Joshua Picado,712020:7bde26d9-d0b8-405c-bca2-1b6e633bfffd,,,,,,,,,0|i0001b:i,,,,,{},Por hacer,23/ago/26 9:50 PM,10027,KAN-28,Login
Como usuario quiero solicitar la recuperación de mi contraseña mediante mi correo electrónico para restablecer el acceso si la olvido.,KAN-36,10035,Tarea,Por hacer,KAN,Paginas Web,software,JOSE ANDRES LORENZO SEGURA,62587f849e7380006fb40075,,Medium,,,,Joshua Picado,712020:7bde26d9-d0b8-405c-bca2-1b6e633bfffd,Joshua Picado,712020:7bde26d9-d0b8-405c-bca2-1b6e633bfffd,23/ago/26 9:50 PM,23/ago/26 9:50 PM,,,,0,,,Joshua Picado,712020:7bde26d9-d0b8-405c-bca2-1b6e633bfffd,,,,,,,,,0|i0001c:,,,,,{},Por hacer,23/ago/26 9:50 PM,10027,KAN-28,Login
Como usuario quiero poder visualizar u ocultar mi contraseña (ojito) mientras la ingreso para asegurarme de que la escribí sin errores.,KAN-35,10034,Tarea,Por hacer,KAN,Paginas Web,software,JOSE ANDRES LORENZO SEGURA,62587f849e7380006fb40075,,Medium,,,,Joshua Picado,712020:7bde26d9-d0b8-405c-bca2-1b6e633bfffd,Joshua Picado,712020:7bde26d9-d0b8-405c-bca2-1b6e633bfffd,23/ago/26 9:50 PM,23/ago/26 9:50 PM,,,,0,,,Joshua Picado,712020:7bde26d9-d0b8-405c-bca2-1b6e633bfffd,,,,,,,,,0|i0001d:,,,,,{},Por hacer,23/ago/26 9:50 PM,10027,KAN-28,Login
Como usuario quiero recibir mensajes de error claros si ingreso datos incorrectos para saber qué información debo corregir.,KAN-34,10033,Tarea,Por hacer,KAN,Paginas Web,software,JOSE ANDRES LORENZO SEGURA,62587f849e7380006fb40075,,Medium,,,,Joshua Picado,712020:7bde26d9-d0b8-405c-bca2-1b6e633bfffd,Joshua Picado,712020:7bde26d9-d0b8-405c-bca2-1b6e633bfffd,23/ago/26 9:50 PM,23/ago/26 9:50 PM,,,,0,,,Joshua Picado,712020:7bde26d9-d0b8-405c-bca2-1b6e633bfffd,,,,,,,,,0|i0001f:,,,,,{},Por hacer,23/ago/26 9:50 PM,10027,KAN-28,Login
Como usuario quiero iniciar sesión validando un recaptcha para asegurar que mi cuenta está protegida contra ingresos automatizados.,KAN-33,10032,Tarea,Por hacer,KAN,Paginas Web,software,JOSE ANDRES LORENZO SEGURA,62587f849e7380006fb40075,,Medium,,,,Joshua Picado,712020:7bde26d9-d0b8-405c-bca2-1b6e633bfffd,Joshua Picado,712020:7bde26d9-d0b8-405c-bca2-1b6e633bfffd,23/ago/26 9:50 PM,23/ago/26 9:50 PM,,,,0,,,Joshua Picado,712020:7bde26d9-d0b8-405c-bca2-1b6e633bfffd,,,,,,,,,0|i0001j:,,,,,{},Por hacer,23/ago/26 9:50 PM,10027,KAN-28,Login
Gestión de suscripción,KAN-32,10031,Epic,Por hacer,KAN,Paginas Web,software,JOSE ANDRES LORENZO SEGURA,62587f849e7380006fb40075,,Medium,,,,Joshua Picado,712020:7bde26d9-d0b8-405c-bca2-1b6e633bfffd,Joshua Picado,712020:7bde26d9-d0b8-405c-bca2-1b6e633bfffd,23/ago/26 9:32 PM,23/ago/26 11:13 PM,,,,0,,,Joshua Picado,712020:7bde26d9-d0b8-405c-bca2-1b6e633bfffd,,,,,,,,,0|i0000y:mm,,,,,{},Por hacer,23/ago/26 9:32 PM,,,
Settings,KAN-31,10030,Epic,Por hacer,KAN,Paginas Web,software,JOSE ANDRES LORENZO SEGURA,62587f849e7380006fb40075,,Medium,,,,Joshua Picado,712020:7bde26d9-d0b8-405c-bca2-1b6e633bfffd,Joshua Picado,712020:7bde26d9-d0b8-405c-bca2-1b6e633bfffd,23/ago/26 9:32 PM,23/ago/26 10:57 PM,,,,0,,,Joshua Picado,712020:7bde26d9-d0b8-405c-bca2-1b6e633bfffd,,,,,,,,,0|i0000y:mi,,,,,{},Por hacer,23/ago/26 9:32 PM,,,
Gestión de servicio,KAN-30,10029,Epic,Por hacer,KAN,Paginas Web,software,JOSE ANDRES LORENZO SEGURA,62587f849e7380006fb40075,,Medium,,,,Joshua Picado,712020:7bde26d9-d0b8-405c-bca2-1b6e633bfffd,Joshua Picado,712020:7bde26d9-d0b8-405c-bca2-1b6e633bfffd,23/ago/26 9:32 PM,23/ago/26 9:48 PM,,,,0,,,Joshua Picado,712020:7bde26d9-d0b8-405c-bca2-1b6e633bfffd,,,,,,,,,0|i0000y:m,,,,,{},Por hacer,23/ago/26 9:32 PM,,,
Sidebar (Logout),KAN-29,10028,Epic,Por hacer,KAN,Paginas Web,software,JOSE ANDRES LORENZO SEGURA,62587f849e7380006fb40075,,Medium,,,,Joshua Picado,712020:7bde26d9-d0b8-405c-bca2-1b6e633bfffd,Joshua Picado,712020:7bde26d9-d0b8-405c-bca2-1b6e633bfffd,23/ago/26 9:32 PM,23/ago/26 9:47 PM,,,,0,,,Joshua Picado,712020:7bde26d9-d0b8-405c-bca2-1b6e633bfffd,,,,,,,,,0|i0000y:i,,,,,{},Por hacer,23/ago/26 9:32 PM,,,
Login,KAN-28,10027,Epic,Por hacer,KAN,Paginas Web,software,JOSE ANDRES LORENZO SEGURA,62587f849e7380006fb40075,,Medium,,,,Joshua Picado,712020:7bde26d9-d0b8-405c-bca2-1b6e633bfffd,Joshua Picado,712020:7bde26d9-d0b8-405c-bca2-1b6e633bfffd,23/ago/26 9:31 PM,23/ago/26 9:32 PM,,,,0,,,Joshua Picado,712020:7bde26d9-d0b8-405c-bca2-1b6e633bfffd,,,,,,,,,0|i0000y:,,,,,{},Por hacer,23/ago/26 9:31 PM,,,
Como usuario quiero ser redirigido automáticamente a la pantalla de inicio de sesión tras finalizar mi registro para ingresar al panel.,KAN-27,10026,Tarea,Por hacer,KAN,Paginas Web,software,JOSE ANDRES LORENZO SEGURA,62587f849e7380006fb40075,,Medium,,,,Joshua Picado,712020:7bde26d9-d0b8-405c-bca2-1b6e633bfffd,Joshua Picado,712020:7bde26d9-d0b8-405c-bca2-1b6e633bfffd,23/ago/26 9:30 PM,23/ago/26 9:30 PM,,,,0,,,Joshua Picado,712020:7bde26d9-d0b8-405c-bca2-1b6e633bfffd,,,,,,,,,0|i0001b:,,,,,{},Por hacer,23/ago/26 9:30 PM,10025,KAN-26,Registro del usuario una vez confirmado correo
Registro del usuario una vez confirmado correo,KAN-26,10025,Epic,Por hacer,KAN,Paginas Web,software,JOSE ANDRES LORENZO SEGURA,62587f849e7380006fb40075,,Medium,,,,Joshua Picado,712020:7bde26d9-d0b8-405c-bca2-1b6e633bfffd,Joshua Picado,712020:7bde26d9-d0b8-405c-bca2-1b6e633bfffd,23/ago/26 9:29 PM,23/ago/26 9:29 PM,,,,0,,,Joshua Picado,712020:7bde26d9-d0b8-405c-bca2-1b6e633bfffd,,,,,,,,,0|i00000:r,,,,,{},Por hacer,23/ago/26 9:29 PM,,,
"Como usuario quiero completar un formulario con mis datos personales y correo, visualizando mi contraseña y su nivel de seguridad, para crear mi cuenta correctamente.",KAN-25,10024,Tarea,Por hacer,KAN,Paginas Web,software,JOSE ANDRES LORENZO SEGURA,62587f849e7380006fb40075,,Medium,,,,Joshua Picado,712020:7bde26d9-d0b8-405c-bca2-1b6e633bfffd,Joshua Picado,712020:7bde26d9-d0b8-405c-bca2-1b6e633bfffd,23/ago/26 9:26 PM,23/ago/26 9:30 PM,,,,0,,,Joshua Picado,712020:7bde26d9-d0b8-405c-bca2-1b6e633bfffd,,,,,,,,,0|i00017:,purple,,,,{},Por hacer,23/ago/26 9:26 PM,10025,KAN-26,Registro del usuario una vez confirmado correo
Como usuario quiero recibir un correo electrónico automático al confirmar el pago para poder iniciar el proceso de registro de mi cuenta.,KAN-24,10023,Tarea,Por hacer,KAN,Paginas Web,software,JOSE ANDRES LORENZO SEGURA,62587f849e7380006fb40075,,Medium,,,,Joshua Picado,712020:7bde26d9-d0b8-405c-bca2-1b6e633bfffd,Joshua Picado,712020:7bde26d9-d0b8-405c-bca2-1b6e633bfffd,23/ago/26 9:26 PM,23/ago/26 9:26 PM,,,,0,,,Joshua Picado,712020:7bde26d9-d0b8-405c-bca2-1b6e633bfffd,,,,,,,,,0|i0000w:,,,,,{},Por hacer,23/ago/26 9:26 PM,10019,KAN-20,Gestión de la contratación de los planes
Como usuario quiero revisar y aceptar los términos y condiciones antes de proceder al pago para confirmar que estoy de acuerdo con el servicio.,KAN-23,10022,Tarea,Por hacer,KAN,Paginas Web,software,JOSE ANDRES LORENZO SEGURA,62587f849e7380006fb40075,,Medium,,,,Joshua Picado,712020:7bde26d9-d0b8-405c-bca2-1b6e633bfffd,Joshua Picado,712020:7bde26d9-d0b8-405c-bca2-1b6e633bfffd,23/ago/26 9:25 PM,23/ago/26 9:25 PM,,,,0,,,Joshua Picado,712020:7bde26d9-d0b8-405c-bca2-1b6e633bfffd,,,,,,,,,0|i0000x:,,,,,{},Por hacer,23/ago/26 9:25 PM,10019,KAN-20,Gestión de la contratación de los planes
Como usuario quiero proceder al pago del plan mediante la pasarela simulada para completar la contratación.,KAN-22,10021,Tarea,Por hacer,KAN,Paginas Web,software,JOSE ANDRES LORENZO SEGURA,62587f849e7380006fb40075,,Medium,,,,Joshua Picado,712020:7bde26d9-d0b8-405c-bca2-1b6e633bfffd,Joshua Picado,712020:7bde26d9-d0b8-405c-bca2-1b6e633bfffd,23/ago/26 9:25 PM,23/ago/26 9:25 PM,,,,0,,,Joshua Picado,712020:7bde26d9-d0b8-405c-bca2-1b6e633bfffd,,,,,,,,,0|i0000z:,,,,,{},Por hacer,23/ago/26 9:25 PM,10019,KAN-20,Gestión de la contratación de los planes
Como usuario quiero ver más información detallada de cada plan para conocer a fondo las características que incluye.,KAN-21,10020,Tarea,Por hacer,KAN,Paginas Web,software,JOSE ANDRES LORENZO SEGURA,62587f849e7380006fb40075,,Medium,,,,Joshua Picado,712020:7bde26d9-d0b8-405c-bca2-1b6e633bfffd,Joshua Picado,712020:7bde26d9-d0b8-405c-bca2-1b6e633bfffd,23/ago/26 9:24 PM,23/ago/26 9:24 PM,,,,0,,,Joshua Picado,712020:7bde26d9-d0b8-405c-bca2-1b6e633bfffd,,,,,,,,,0|i00013:,,,,,{},Por hacer,23/ago/26 9:24 PM,10019,KAN-20,Gestión de la contratación de los planes
Gestión de la contratación de los planes,KAN-20,10019,Epic,Por hacer,KAN,Paginas Web,software,JOSE ANDRES LORENZO SEGURA,62587f849e7380006fb40075,,Medium,,,,Joshua Picado,712020:7bde26d9-d0b8-405c-bca2-1b6e633bfffd,Joshua Picado,712020:7bde26d9-d0b8-405c-bca2-1b6e633bfffd,23/ago/26 9:24 PM,23/ago/26 9:24 PM,,,,0,,,Joshua Picado,712020:7bde26d9-d0b8-405c-bca2-1b6e633bfffd,,,,,,,,,0|i0000q:,,,,,{},Por hacer,23/ago/26 9:24 PM,,,
Como usuario quiero acceder a una sección de ayuda para recibir orientación y soporte técnico sobre el sistema.,KAN-19,10018,Tarea,Por hacer,KAN,Paginas Web,software,JOSE ANDRES LORENZO SEGURA,62587f849e7380006fb40075,,Medium,,,,Joshua Picado,712020:7bde26d9-d0b8-405c-bca2-1b6e633bfffd,Joshua Picado,712020:7bde26d9-d0b8-405c-bca2-1b6e633bfffd,23/ago/26 9:22 PM,23/ago/26 9:22 PM,,,,0,,,Joshua Picado,712020:7bde26d9-d0b8-405c-bca2-1b6e633bfffd,,,,,,,,,0|i0000n:i,,,,,{},Por hacer,23/ago/26 9:22 PM,10013,KAN-14,Contacto
Como usuario quiero consultar una sección de preguntas frecuentes para encontrar respuestas rápidas a dudas comunes.,KAN-18,10017,Tarea,Por hacer,KAN,Paginas Web,software,JOSE ANDRES LORENZO SEGURA,62587f849e7380006fb40075,,Medium,,,,Joshua Picado,712020:7bde26d9-d0b8-405c-bca2-1b6e633bfffd,Joshua Picado,712020:7bde26d9-d0b8-405c-bca2-1b6e633bfffd,23/ago/26 9:22 PM,23/ago/26 9:22 PM,,,,0,,,Joshua Picado,712020:7bde26d9-d0b8-405c-bca2-1b6e633bfffd,,,,,,,,,0|i0000o:,,,,,{},Por hacer,23/ago/26 9:22 PM,10013,KAN-14,Contacto
Como usuario quiero disponer de medios de contacto directo para comunicarme fácilmente con el equipo de la plataforma.,KAN-17,10016,Tarea,Por hacer,KAN,Paginas Web,software,JOSE ANDRES LORENZO SEGURA,62587f849e7380006fb40075,,Medium,,,,Joshua Picado,712020:7bde26d9-d0b8-405c-bca2-1b6e633bfffd,Joshua Picado,712020:7bde26d9-d0b8-405c-bca2-1b6e633bfffd,23/ago/26 9:22 PM,23/ago/26 9:22 PM,,,,0,,,Joshua Picado,712020:7bde26d9-d0b8-405c-bca2-1b6e633bfffd,,,,,,,,,0|i0000p:,,,,,{},Por hacer,23/ago/26 9:22 PM,10013,KAN-14,Contacto
Como usuario quiero acceder a información detallada sobre la empresa para comprender mejor su trayectoria y lo que ofrecen.,KAN-16,10015,Tarea,Por hacer,KAN,Paginas Web,software,JOSE ANDRES LORENZO SEGURA,62587f849e7380006fb40075,,Medium,,,,Joshua Picado,712020:7bde26d9-d0b8-405c-bca2-1b6e633bfffd,Joshua Picado,712020:7bde26d9-d0b8-405c-bca2-1b6e633bfffd,23/ago/26 9:21 PM,23/ago/26 9:21 PM,,,,0,,,Joshua Picado,712020:7bde26d9-d0b8-405c-bca2-1b6e633bfffd,,,,,,,,,0|i0000r:,,,,,{},Por hacer,23/ago/26 9:21 PM,10013,KAN-14,Contacto
Como usuario quiero leer la misión y visión de la empresa para conocer sus propósitos y valores.,KAN-15,10014,Tarea,Por hacer,KAN,Paginas Web,software,JOSE ANDRES LORENZO SEGURA,62587f849e7380006fb40075,,Medium,,,,Joshua Picado,712020:7bde26d9-d0b8-405c-bca2-1b6e633bfffd,Joshua Picado,712020:7bde26d9-d0b8-405c-bca2-1b6e633bfffd,23/ago/26 9:21 PM,23/ago/26 9:21 PM,,,,0,,,Joshua Picado,712020:7bde26d9-d0b8-405c-bca2-1b6e633bfffd,,,,,,,,,0|i0000v:,,,,,{},Por hacer,23/ago/26 9:21 PM,10013,KAN-14,Contacto
Contacto,KAN-14,10013,Epic,Por hacer,KAN,Paginas Web,software,JOSE ANDRES LORENZO SEGURA,62587f849e7380006fb40075,,Medium,,,,Joshua Picado,712020:7bde26d9-d0b8-405c-bca2-1b6e633bfffd,Joshua Picado,712020:7bde26d9-d0b8-405c-bca2-1b6e633bfffd,23/ago/26 9:20 PM,23/ago/26 9:21 PM,,,,0,,,Joshua Picado,712020:7bde26d9-d0b8-405c-bca2-1b6e633bfffd,,,,,,,,,0|i00000:i,,,,,{},Por hacer,23/ago/26 9:20 PM,,,
Como usuario quiero visualizar el correo electrónico de contacto para enviar consultas formales a la empresa.,KAN-13,10012,Tarea,Por hacer,KAN,Paginas Web,software,JOSE ANDRES LORENZO SEGURA,62587f849e7380006fb40075,,Medium,,,,Joshua Picado,712020:7bde26d9-d0b8-405c-bca2-1b6e633bfffd,Joshua Picado,712020:7bde26d9-d0b8-405c-bca2-1b6e633bfffd,23/ago/26 9:19 PM,23/ago/26 9:19 PM,,,,0,,,Joshua Picado,712020:7bde26d9-d0b8-405c-bca2-1b6e633bfffd,,,,,,,,,0|hzzzzz:i9,,,,,{},Por hacer,23/ago/26 9:19 PM,10000,KAN-1,Home
Como usuario quiero ver el logo de la empresa para identificar visualmente la marca.,KAN-12,10011,Tarea,Por hacer,KAN,Paginas Web,software,JOSE ANDRES LORENZO SEGURA,62587f849e7380006fb40075,,Medium,,,,Joshua Picado,712020:7bde26d9-d0b8-405c-bca2-1b6e633bfffd,Joshua Picado,712020:7bde26d9-d0b8-405c-bca2-1b6e633bfffd,23/ago/26 9:18 PM,23/ago/26 9:18 PM,,,,0,,,Joshua Picado,712020:7bde26d9-d0b8-405c-bca2-1b6e633bfffd,,,,,,,,,0|hzzzzz:ii,,,,,{},Por hacer,23/ago/26 9:18 PM,10000,KAN-1,Home
Como usuario quiero visualizar el número de teléfono para contactar directamente a la empresa en caso de necesitarlo.,KAN-11,10010,Tarea,Por hacer,KAN,Paginas Web,software,JOSE ANDRES LORENZO SEGURA,62587f849e7380006fb40075,,Medium,,,,Joshua Picado,712020:7bde26d9-d0b8-405c-bca2-1b6e633bfffd,Joshua Picado,712020:7bde26d9-d0b8-405c-bca2-1b6e633bfffd,23/ago/26 9:18 PM,23/ago/26 9:18 PM,,,,0,,,Joshua Picado,712020:7bde26d9-d0b8-405c-bca2-1b6e633bfffd,,,,,,,,,0|hzzzzz:j,,,,,{},Por hacer,23/ago/26 9:18 PM,10000,KAN-1,Home
Como usuario quiero ver los enlaces a las redes sociales de la empresa para interactuar y seguir sus actualizaciones.,KAN-10,10009,Tarea,Por hacer,KAN,Paginas Web,software,JOSE ANDRES LORENZO SEGURA,62587f849e7380006fb40075,,Medium,,,,Joshua Picado,712020:7bde26d9-d0b8-405c-bca2-1b6e633bfffd,Joshua Picado,712020:7bde26d9-d0b8-405c-bca2-1b6e633bfffd,23/ago/26 9:18 PM,23/ago/26 9:18 PM,,,,0,,,Joshua Picado,712020:7bde26d9-d0b8-405c-bca2-1b6e633bfffd,,,,,,,,,0|hzzzzz:k,,,,,{},Por hacer,23/ago/26 9:18 PM,10000,KAN-1,Home
Como usuario quiero acceder a los términos y condiciones para comprender las políticas legales de la plataforma.,KAN-9,10008,Tarea,Por hacer,KAN,Paginas Web,software,JOSE ANDRES LORENZO SEGURA,62587f849e7380006fb40075,,Medium,,,,Joshua Picado,712020:7bde26d9-d0b8-405c-bca2-1b6e633bfffd,Joshua Picado,712020:7bde26d9-d0b8-405c-bca2-1b6e633bfffd,23/ago/26 9:18 PM,23/ago/26 9:18 PM,,,,0,,,Joshua Picado,712020:7bde26d9-d0b8-405c-bca2-1b6e633bfffd,,,,,,,,,0|hzzzzz:m,,,,,{},Por hacer,23/ago/26 9:18 PM,10000,KAN-1,Home
Como usuario quiero visualizar un pie de página (Footer) con información general para acceder fácilmente a enlaces importantes.,KAN-8,10007,Tarea,Por hacer,KAN,Paginas Web,software,JOSE ANDRES LORENZO SEGURA,62587f849e7380006fb40075,,Medium,,,,Joshua Picado,712020:7bde26d9-d0b8-405c-bca2-1b6e633bfffd,Joshua Picado,712020:7bde26d9-d0b8-405c-bca2-1b6e633bfffd,23/ago/26 9:18 PM,23/ago/26 9:18 PM,,,,0,,,Joshua Picado,712020:7bde26d9-d0b8-405c-bca2-1b6e633bfffd,,,,,,,,,0|hzzzzz:r,,,,,{},Por hacer,23/ago/26 9:18 PM,10000,KAN-1,Home
Como usuario quiero ver los planes de suscripción disponibles desde la página principal para conocer los precios y beneficios.,KAN-7,10006,Tarea,Por hacer,KAN,Paginas Web,software,JOSE ANDRES LORENZO SEGURA,62587f849e7380006fb40075,,Medium,,,,Joshua Picado,712020:7bde26d9-d0b8-405c-bca2-1b6e633bfffd,Joshua Picado,712020:7bde26d9-d0b8-405c-bca2-1b6e633bfffd,23/ago/26 9:17 PM,23/ago/26 9:17 PM,,,,0,,,Joshua Picado,712020:7bde26d9-d0b8-405c-bca2-1b6e633bfffd,,,,,,,,,0|hzzzzz:i,,,,,{},Por hacer,23/ago/26 9:17 PM,10000,KAN-1,Home
Como usuario quiero leer testimonios de otros clientes para conocer sus experiencias y evaluar la confiabilidad de la plataforma.,KAN-6,10005,Tarea,Por hacer,KAN,Paginas Web,software,JOSE ANDRES LORENZO SEGURA,62587f849e7380006fb40075,,Medium,,,,Joshua Picado,712020:7bde26d9-d0b8-405c-bca2-1b6e633bfffd,Joshua Picado,712020:7bde26d9-d0b8-405c-bca2-1b6e633bfffd,23/ago/26 9:17 PM,23/ago/26 9:17 PM,,,,0,,,Joshua Picado,712020:7bde26d9-d0b8-405c-bca2-1b6e633bfffd,,,,,,,,,0|i00000:,,,,,{},Por hacer,23/ago/26 9:17 PM,10000,KAN-1,Home
Como usuario quiero enviar mis consultas mediante un formulario de contacto validado con recaptcha para comunicarme de forma segura.,KAN-5,10004,Tarea,Por hacer,KAN,Paginas Web,software,JOSE ANDRES LORENZO SEGURA,62587f849e7380006fb40075,,Medium,,,,Joshua Picado,712020:7bde26d9-d0b8-405c-bca2-1b6e633bfffd,Joshua Picado,712020:7bde26d9-d0b8-405c-bca2-1b6e633bfffd,23/ago/26 9:17 PM,23/ago/26 9:17 PM,,,,0,,,Joshua Picado,712020:7bde26d9-d0b8-405c-bca2-1b6e633bfffd,,,,,,,,,0|i00001:,,,,,{},Por hacer,23/ago/26 9:17 PM,10000,KAN-1,Home
"Como usuario quiero leer una breve introducción de la plataforma con la opción de ""Leer más"" para conocer rápidamente la propuesta del servicio.",KAN-4,10003,Tarea,Por hacer,KAN,Paginas Web,software,JOSE ANDRES LORENZO SEGURA,62587f849e7380006fb40075,,Medium,,,,Joshua Picado,712020:7bde26d9-d0b8-405c-bca2-1b6e633bfffd,Joshua Picado,712020:7bde26d9-d0b8-405c-bca2-1b6e633bfffd,23/ago/26 9:16 PM,23/ago/26 9:17 PM,,,,0,,,Joshua Picado,712020:7bde26d9-d0b8-405c-bca2-1b6e633bfffd,,,,,,,,,0|i00003:,,,,,{},Por hacer,23/ago/26 9:16 PM,10000,KAN-1,Home
Como usuario quiero visualizar una barra de navegación con la opción de inicio de sesión (Sign In) para acceder rápidamente al sistema.,KAN-3,10002,Tarea,Por hacer,KAN,Paginas Web,software,JOSE ANDRES LORENZO SEGURA,62587f849e7380006fb40075,,Medium,,,,Randy,712020:2944bd8c-63da-40f9-bd8d-48d88e5ca723,Randy,712020:2944bd8c-63da-40f9-bd8d-48d88e5ca723,23/ago/26 7:27 PM,23/ago/26 7:27 PM,,,,0,,,Randy,712020:2944bd8c-63da-40f9-bd8d-48d88e5ca723,,,,,,,,,0|i0000f:,,,,,{},Por hacer,23/ago/26 7:27 PM,10000,KAN-1,Home
Como usuario quiero ver una sección principal destacada (Hero Section) con un llamado a la acción (CTA) para iniciar el proceso de contratación.,KAN-2,10001,Tarea,Por hacer,KAN,Paginas Web,software,JOSE ANDRES LORENZO SEGURA,62587f849e7380006fb40075,,Medium,,,,Randy,712020:2944bd8c-63da-40f9-bd8d-48d88e5ca723,Randy,712020:2944bd8c-63da-40f9-bd8d-48d88e5ca723,23/ago/26 7:25 PM,23/ago/26 9:19 PM,,,,0,,,Randy,712020:2944bd8c-63da-40f9-bd8d-48d88e5ca723,,,,,,,,,0|i0000n:,,,,,{},Por hacer,23/ago/26 7:25 PM,10000,KAN-1,Home
Home,KAN-1,10000,Epic,Por hacer,KAN,Paginas Web,software,JOSE ANDRES LORENZO SEGURA,62587f849e7380006fb40075,,Medium,,,,Randy,712020:2944bd8c-63da-40f9-bd8d-48d88e5ca723,Randy,712020:2944bd8c-63da-40f9-bd8d-48d88e5ca723,23/ago/26 7:24 PM,23/ago/26 7:24 PM,,,,0,,,Randy,712020:2944bd8c-63da-40f9-bd8d-48d88e5ca723,,,,,,,,,0|hzzzzz:,,,,,{},Por hacer,23/ago/26 7:24 PM,,,
